<?xml version="1.0" encoding="UTF-8"?>

<PropertyList>

  <path>clock.ac</path>

  <animation>
    <object-name>fond</object-name>
    <object-name>visses</object-name>
    <object-name>face</object-name>
    <object-name>HourHand</object-name>
    <object-name>MinuteHand</object-name>
    <object-name>SecondHand</object-name>

    <object-name>vitre</object-name>
  </animation>

  <animation>
    <type>noshadow</type>
    <object-name>vitre</object-name>
  </animation>

  <effect>
    <inherits-from>Effects/model-transparent</inherits-from>
    <condition>
      <property>sim/rendering/rembrandt/enabled</property>
    </condition> 
    <object-name>vitre</object-name>
  </effect>

  <animation>
    <type>material</type>
    <object-name>face</object-name>
    <object-name>HourHand</object-name>
    <object-name>MinuteHand</object-name>
    <object-name>SecondHand</object-name>
    <emission>
      <factor-prop>/systems/electrical/outputs/instrument-lights</factor-prop>
      <red>   0.50 </red>
      <green> 0.25 </green>
      <blue>  0.25 </blue>
    </emission>
  </animation>

  <animation>
    <type>rotate</type>
    <object-name>HourHand</object-name>
    <property>/instrumentation/clock/indicated-sec</property>
    <factor>0.00833333333333333</factor>
    <axis>
     <x> -1 </x>
     <y>  0 </y>
     <z>  0 </z>
    </axis>
  </animation>

  <animation>
    <type>rotate</type>
    <object-name>MinuteHand</object-name>
    <property>/instrumentation/clock/indicated-sec</property>
    <factor>0.1</factor>
    <axis>
     <x> -1 </x>
     <y>  0 </y>
     <z>  0 </z>
    </axis>
  </animation>

  <animation>
    <type>rotate</type>
    <object-name>SecondHand</object-name>
    <property>/instrumentation/clock/indicated-sec</property>
    <factor>6</factor>
    <center>
      <x-m>  0.000 </x-m>
      <y-m>  0.000 </y-m>
      <z-m> -0.008 </z-m>
    </center>
    <axis>
      <x> -1 </x>
      <y>  0 </y>
      <z>  0 </z>
    </axis>
  </animation>

</PropertyList>
