<?xml version="1.0" encoding="ISO-8859-1"?>

<PropertyList>

  <chase-distance-m type="double" archive="y"> -28 </chase-distance-m>

    <view n="100">
    <name>observer</name>
    <type>lookfrom</type>
    <internal archive="y">true</internal>
    <config>
      <from-model type="bool">true</from-model>
      <from-model-idx type="int">0</from-model-idx>
      <ground-level-nearplane-m type="double">0.01f</ground-level-nearplane-m>
      <heading-offset-deg>180</heading-offset-deg>
      <x-offset-m archive="y"> 0.0 </x-offset-m>	<!---Right-->
      <y-offset-m archive="y"> 0.66 </y-offset-m>	<!--Up-->
      <z-offset-m archive="y"> -0.83 </z-offset-m>	<!--Back-->
      <pitch-offset-deg> -3 </pitch-offset-deg>
      </config>
  </view>
  
  <view n="101">
    <name>observerturret</name>
    <type>lookfrom</type>
    <internal archive="y">true</internal>
    <config>
      <from-model type="bool">true</from-model>
      <from-model-idx type="int">0</from-model-idx>
      <ground-level-nearplane-m type="double">0.01f</ground-level-nearplane-m>
      <heading-offset-deg> 50 </heading-offset-deg>
      <pitch-offset-deg> 5 </pitch-offset-deg>
      <x-offset-m archive="y"> -0.78 </x-offset-m>	<!---Right-->
      <y-offset-m archive="y"> 0.93 </y-offset-m>	<!--Up-->
      <z-offset-m archive="y">  -1.613 </z-offset-m>	<!--Back-->
    </config>
    </view>

  <view n="105">
    <name>Tail Camera View</name>
    <type>lookfrom</type>
    <internal archive="y">true</internal>
    <config>
      <from-model type="bool">true</from-model>
      <from-model-idx type="int">0</from-model-idx>
      <ground-level-nearplane-m type="double">0.01f</ground-level-nearplane-m>
      <pitch-offset-deg> -5 </pitch-offset-deg>
      <default-field-of-view-deg type="double"> 40 </default-field-of-view-deg>
      <x-offset-m archive="y"> 0.000 </x-offset-m> <!--Right-->
      <y-offset-m archive="y"> 2.463 </y-offset-m> <!--Up-->
      <z-offset-m archive="y"> 7.85 </z-offset-m> <!--Back-->
    </config>
  </view>

<!-- pilot viewpoint x=y y=z z=x ?  -->

  <view n="0">
    <internal archive="y">true</internal>
    <config>
      <x-offset-m archive="y"> 0.000 </x-offset-m>	<!---Right-->
      <y-offset-m archive="y"> 0.656 </y-offset-m>	<!--Up-->
      <z-offset-m archive="y"> -1.607 </z-offset-m>	<!--Back-->
      <pitch-offset-deg> 0 </pitch-offset-deg>
      <default-field-of-view-deg>60</default-field-of-view-deg>
    </config>
  </view>

  <view n="1">
    <config>
      <target-z-offset-m archive="y" type="double">0</target-z-offset-m>
    </config>
  </view>

  <view n="2">
    <config>
      <target-z-offset-m archive="y" type="double">0</target-z-offset-m>
    </config>
  </view>

  <view n="3">
    <config>
      <target-z-offset-m archive="y" type="double">0</target-z-offset-m>
    </config>
  </view>

  <view n="4">
    <config>
      <target-z-offset-m archive="y" type="double">0</target-z-offset-m>
    </config>
  </view>

  <view n="5">
    <config>
      <target-z-offset-m archive="y" type="double">0</target-z-offset-m>
    </config>
  </view>

  <view n="6">
    <config>
      <target-z-offset-m archive="y" type="double">0</target-z-offset-m>
    </config>
  </view>

</PropertyList>
