<?xml version="1.0" encoding="ISO-8859-1"?>
 
<PropertyList>

  <fx>
 
    <crank>
      <name>engstart</name>
      <path>Aircraft/FW-58-Wasser/Sounds/start.wav</path>
      <property>/engines/engine/cranking</property>
      <volume>
        <offset>0.4</offset>
      </volume>
   <volume>
        <property>/sim/current-view/internal</property>
        <offset>1.0</offset>
        <factor>-0.8</factor>
      </volume>
   <reference-dist>100</reference-dist>
      <max-dist>1000</max-dist>
    </crank>

    
    <engine>
      <name>engine</name>
      <mode>looped</mode>  
      <path>Aircraft/FW-58-Wasser/Sounds/argus_10c_1.wav</path>
	  <condition>
	   <property>/engines/engine/running</property>
		<not-equals>
             <property>sim/crashed</property>
		<value>true</value>
	    </not-equals>	  
	  </condition>
      <property>/engines/engine/running</property>
      <volume>
        <property>/engines/engine/mp-osi</property>
        <factor>0.035</factor>
        <min>0.15</min>
        <max>0.948</max>
      </volume>
      <volume>
        <property>/orientation/alpha-deg</property>
        <type>log</type>
        <min>1.0</min>
        <max>1.5</max>
      </volume>
      <volume>
        <property>/sim/current-view/internal</property>
        <offset>1.0</offset>
        <factor>-0.45</factor>
      </volume>
      <pitch>
        <property>/engines/engine/rpm</property>
        <factor>0.0004</factor>
        <min>0.2</min>
        <max>1.1</max>
        <offset>-0.05</offset>
      </pitch>
      <reference-dist>60.0</reference-dist>
      <max-dist>2000.0</max-dist>
      <reference-dist>100</reference-dist>
      <max-dist>1000</max-dist>
    </engine>

    
    <crank>
      <name>engstart</name>
      <path>Aircraft/FW-58-Wasser/Sounds/start.wav</path>
      <property>/engines/engine[1]/cranking</property>
      <volume>
        <offset>0.4</offset>
      </volume>
   <volume>
        <property>/sim/current-view/internal</property>
        <offset>1.0</offset>
        <factor>-0.8</factor>
      </volume>
   <reference-dist>100</reference-dist>
      <max-dist>1000</max-dist>
    </crank>

    
    <engine>
      <name>engine</name>
      <mode>looped</mode>
	  
      <path>Aircraft/FW-58-Wasser/Sounds/argus_10c_1.wav</path>
	  <condition>
	    <property>/engines/engine[1]/running</property>
		<not-equals>
	       <property>sim/crashed</property>
		<value>true</value>
	    </not-equals>	  
	</condition>
      <property>/engines/engine[1]/running</property>
      <volume>
        <property>/engines/engine[1]/mp-osi</property>
        <factor>0.035</factor>
        <min>0.15</min>
        <max>0.948</max>
      </volume>
      <volume>
        <property>/orientation/alpha-deg</property>
        <type>log</type>
        <min>1.0</min>
        <max>1.5</max>
      </volume>
      <volume>
        <property>/sim/current-view/internal</property>
        <offset>1.0</offset>
        <factor>-0.45</factor>
      </volume>
      <pitch>
        <property>/engines/engine[1]/rpm</property>
        <factor>0.0004</factor>
        <min>0.2</min>
        <max>1.1</max>
        <offset>-0.05</offset>
      </pitch>
      <reference-dist>60.0</reference-dist>
      <max-dist>2000.0</max-dist>
      <reference-dist>100</reference-dist>
      <max-dist>1000</max-dist>
    </engine>


 <ocean>
      <name>water</name>
      <mode>looped</mode>
      <path>Aircraft/FW-58-Wasser/Sounds/newwave.wav</path>
      <condition>
        <or>
          <property>/gear/gear[0]/wow</property>
          <property>/gear/gear[1]/wow</property>
          <property>/gear/gear[2]/wow</property>
          <property>/gear/gear[3]/wow</property>
        </or>
    <not>
<and>
   <greater-than>       
<property>/sim/model/door-positions/crew/position-norm/</property>
<value>0.0051</value>
</greater-than>
         <property>/sim/current-view/internal</property>
        </and>
</not>
  </condition>
   <volume>
        <property>/sim/current-view/internal</property>
        <offset>1.0</offset>
        <factor>-0.60</factor>
      </volume>
    <volume>
        <property>/velocities/airspeed-kt</property>
        <type>log</type>
        <factor>0.25</factor>
      </volume>
    </ocean>

  


  <door-open>
    <name>ocean-do</name>
      <mode>looped</mode>
      <path>Aircraft/FW-58-Wasser/Sounds/newwave.wav</path>
      <condition>
        <or>
          <property>/gear/gear[0]/wow</property>
          <property>/gear/gear[1]/wow</property>
          <property>/gear/gear[2]/wow</property>
          <property>/gear/gear[3]/wow</property>
        </or>
        <and>
          <greater-than>       
           <property>/sim/model/door-positions/crew/position-norm/</property>
            <value>0.0051</value>
           </greater-than>
          <property>/sim/current-view/internal</property>
        </and>
    </condition>
      <volume>
        <property>/velocities/airspeed-kt</property>
        <type>log</type>
        <factor>0.25</factor>
      </volume>
     </door-open>
	 
<fuel-pump>
 <name>Fuel P on</name>
 <mode>looped</mode>
 <path>Sounds/stall.wav</path>
 <condition>
 <and>
 <property>controls/electric/battery-switch</property>
 <property>controls/fuel/tank[2]/pump</property>
 <less-than>
 <property>/engines/engine/rpm</property>
 <value>1200</value>
 </less-than>
 <property>/sim/current-view/internal</property>
 </and>
 </condition>
 <volume>
 <factor>0.12</factor>
 </volume>
 <pitch>
 <property>/engines/engine/running</property>
 <factor>0.0035</factor>
 <offset>0.25</offset>
 </pitch>
 <reference-dist>5</reference-dist>
 <max-dist>5</max-dist>
 </fuel-pump>
     
   


<wind>
<name>wind</name>
<mode>looped</mode>
<path>Sounds/wind.wav</path>
<property>/velocities/airspeed-kt</property>
<volume>
<property>/position/altitude-ft</property>
<factor>-0.000015</factor>
<offset>1.0</offset>
<min>0.1</min>
<max>1.0</max>
</volume>
<volume>
<property>/velocities/airspeed-kt</property>
<factor>0.0015</factor>
<min>0.0</min>
<max>0.25</max>
</volume>
<pitch>
<property>/velocities/airspeed-kt</property>
<factor>0.0035</factor>
<offset>1.25</offset>
</pitch>
<reference-dist>60.0</reference-dist>
<max-dist>2000.0</max-dist>
<reference-dist>100</reference-dist>
<max-dist>1000</max-dist>
</wind>


 <wint2>
      <name>close-door</name>
      <mode>looped</mode>
      <path>Sounds/wind.wav</path>
    <condition>    
	<and>
   <greater-than>       
   <property>/sim/model/door-positions/crew/position-norm/</property>
   <value>0.1</value>
   </greater-than>
          <property>/sim/current-view/internal</property>
        </and>
</condition> 
 <property>/velocities/airspeed-kt</property>    
 <volume>
        <property>/position/altitude-ft</property>
        <factor>-0.000015</factor>
        <offset>1.0</offset>
        <min>0.1</min>
        <max>1.5</max>
      </volume>
      <volume>
         <property>velocities/airspeed-kt</property>
          <factor>0.0061</factor>
         <min>-30</min>
         <max>2</max>
      </volume>
   <pitch><property>/velocities/airspeed-kt</property>
   <factor>0.0035</factor>
   <offset>1.25</offset>
   </pitch>   
   <reference-dist>60.0</reference-dist>
      <max-dist>2000.0</max-dist>
      <reference-dist>100</reference-dist>
      <max-dist>1000</max-dist>
    </wint2>
 
 

 <splash>
      <name>splash</name>
      <mode>looped</mode>
      <path>Sounds/wind.wav</path>
    <condition>    <or>
          <property>/gear/gear[0]/wow</property>
          <property>/gear/gear[1]/wow</property>
          <property>/gear/gear[2]/wow</property>
        </or>
</condition> 
 <volume>
        <property>/position/altitude-ft</property>
        <factor>-0.000015</factor>
        <offset>1.0</offset>
        <min>0.1</min>
        <max>1.0</max>
      </volume>
      <volume>
         <property>velocities/groundspeed-kt</property>
          <factor>0.05</factor>
         <min>0.0</min>
         <max>0.25</max>
      </volume>
      <pitch>
        <property>velocities/groundspeed-kt</property>
        <factor>0.0035</factor>
        <offset>1.25</offset>
      </pitch>
      <reference-dist>60.0</reference-dist>
      <max-dist>2000.0</max-dist>
      <reference-dist>100</reference-dist>
      <max-dist>1000</max-dist>
    </splash>
 
 



    <stall>
      <name>stall</name>
      <mode>looped</mode>
      <path>Sounds/stall.wav</path>
      <condition>
        <and>
          <property>/controls/electric/battery-switch</property>
          <property>/sim/alarms/stall-warning</property>
          <greater-than>
            <property>/velocities/airspeed-kt</property>
            <value>10</value>
          </greater-than>
          <not>
            <property>/gear/gear[0]/wow</property>
            <property>/gear/gear[1]/wow</property>
            <property>/gear/gear[2]/wow</property>
          </not>
        </and>
      </condition>
      <volume>
        <property>/sim/current-view/internal</property>
        <offset>0.5</offset>
        <factor>0.5</factor>
      </volume>
      <reference-dist>60.0</reference-dist>
      <max-dist>2000.0</max-dist>
      <reference-dist>100</reference-dist>
      <max-dist>1000</max-dist>
    </stall>

    <!--                  Toggle Switches                  -->     
    <click> 
      <name>Battery on</name>
      <path>Sounds/click.wav</path>
      <condition> 
        <property>controls/electric/battery-switch</property>
      </condition>
      <volume> 
        <factor>0.08</factor>
      </volume>
    </click>
    
    <click> 
      <name>Battery off</name>
      <path>Sounds/click.wav</path>
       <condition> 
        <not> 
          <property>controls/electric/battery-switch</property>
        </not>
      </condition>
      <volume> 
        <factor>0.08</factor>
      </volume>
    </click>

    <click> 
      <name>Alternator on</name>
      <path>Sounds/click.wav</path>
      <condition> 
        <property>controls/electric/alternator-switch</property>
      </condition>
      <volume> 
        <factor>0.08</factor>
      </volume>
    </click>
    
    <click> 
      <name>Alternator off</name>
      <path>Sounds/click.wav</path>
       <condition> 
        <not> 
          <property>controls/electric/alternator-switch</property>
        </not>
      </condition>
      <volume> 
        <factor>0.08</factor>
      </volume>
    </click>

    <click> 
      <name>Fuel Pump on</name>
      <path>Sounds/click.wav</path>
      <condition> 
        <property>controls/engines/engine/fuel-pump</property>
      </condition>
      <volume> 
        <factor>0.08</factor>
      </volume>
    </click>
    
    <click> 
      <name>Fuel Pump off</name>
      <path>Sounds/click.wav</path>
      <condition> 
        <not> 
          <property>controls/engines/engine/fuel-pump</property>
        </not>
      </condition>
      <volume> 
        <factor>0.08</factor>
      </volume>
    </click>

    <click> 
      <name>Nav Light On</name>
      <path>Sounds/click.wav</path>
      <condition>
       <property>controls/switches/nav-lights</property>
      </condition>
      <volume> 
        <factor>0.08</factor>
      </volume>
    </click>
    
    <click> 
      <name>Nav Light Off</name>
      <path>Sounds/click.wav</path>
      <condition>
       <not>
        <property>controls/switches/nav-lights</property>
       </not>
      </condition>
      <volume> 
        <factor>0.08</factor>
      </volume>
    </click>
 
    <click>
      <name>Landing Light On</name>
      <path>Sounds/click.wav</path>
      <condition>
        <property>controls/switches/landing-light</property>
      </condition>
      <volume>
        <factor>0.08</factor>
      </volume>
    </click>
      
    <click>
      <name>Landing Light Off</name>
      <path>Sounds/click.wav</path>
      <condition>
        <not>
          <property>controls/switches/landing-light</property>
        </not>
      </condition>
      <volume>
        <factor>0.08</factor>
      </volume>
    </click>

    <click> 
      <name>Turn and Bank On</name>
      <path>Sounds/click.wav</path>
      <condition> 
        <property>instrumentation/turn-indicator/serviceable</property>
      </condition>
      <volume> 
        <factor>0.08</factor>
      </volume>
    </click>
    
    <click> 
      <name>Turn and Bank Off</name>
      <path>Sounds/click.wav</path>
      <condition> 
        <not> 
          <property>instrumentation/turn-indicator/serviceable</property>
        </not>
      </condition>
      <volume> 
        <factor>0.08</factor>
      </volume>
    </click>
  
    <click> 
      <name>Flashing Beacon On</name>
      <path>Sounds/click.wav</path>
      <condition> 
        <property>controls/switches/flashing-beacon</property>
      </condition>
      <volume> 
        <factor>0.08</factor>
      </volume>
    </click>
    
    <click> 
      <name>Flashing Beacon Off</name>
      <path>Sounds/click.wav</path>
      <condition> 
       <not>
        <property>controls/switches/flashing-beacon</property>
       </not>
      </condition>
      <volume> 
        <factor>0.08</factor>
      </volume>
    </click>

    <click> 
      <name>Pitot Heat On</name>
      <path>Sounds/click.wav</path>
      <condition>
        <property>controls/anti-ice/pitot-heat</property>
      </condition>
      <volume> 
        <factor>0.08</factor>
      </volume>
    </click>
 
    <click> 
      <name>Pitot Heat Off</name>
      <path>Sounds/click.wav</path>
      <condition>
       <not>
         <property>controls/anti-ice/pitot-heat</property>
       </not>
      </condition>
      <volume> 
        <factor>0.08</factor>
      </volume>
    </click>
      
    <click> 
      <name>Panel Lights On</name>
      <path>Sounds/click.wav</path>
      <condition>
        <property>controls/switches/panel-lights</property>
      </condition>
      <volume> 
        <factor>0.08</factor>
      </volume>
    </click>
 
    <click> 
      <name>Panel Lights Off</name>
      <path>Sounds/click.wav</path>
      <condition>
       <not>
         <property>controls/switches/panel-lights</property>
       </not>
      </condition>
      <volume> 
        <factor>0.08</factor>
      </volume>
    </click>
      
    <click> 
      <name>Magnetos-off</name>
      <path>Sounds/click.wav</path>
      <condition>
       <not>
        <property>controls/engines/engine/magnetos</property>
       </not>
      </condition>
      <volume> 
        <factor>0.08</factor>
      </volume>
    </click>
	 
    <click> 
      <name>Magnetos-R</name>
      <path>Sounds/click.wav</path>
      <condition>
       <equals>
        <property>controls/engines/engine/magnetos</property>
        <value>1</value>
       </equals>
      </condition>
      <volume> 
        <factor>0.08</factor>
      </volume>
    </click>
  
    <click> 
      <name>Magnetos-L</name>
      <path>Sounds/click.wav</path>
      <condition>
       <equals>
        <property>controls/engines/engine/magnetos</property>
        <value>2</value>
       </equals>
      </condition>
      <volume> 
        <factor>0.08</factor>
      </volume>
    </click>
  
    <click> 
      <name>Magnetos-B</name>
      <path>Sounds/click.wav</path>
      <condition>
       <equals>
        <property>controls/engines/engine/magnetos</property>
        <value>3</value>
       </equals>
      </condition>
      <volume> 
        <factor>0.08</factor>
      </volume>
    </click>

    <click> 
      <name>Fin Strobe Lights On</name>
      <path>Sounds/click.wav</path>
      <condition> 
        <property>controls/switches/flashing-beacon</property>
      </condition>
      <volume> 
        <factor>0.08</factor>
      </volume>
    </click>
    
    <click> 
      <name>Fin Strobe Lights Off</name>
      <path>Sounds/click.wav</path>
      <condition>
       <not> 
        <property>controls/switches/flashing-beacon</property>
       </not>
      </condition>
      <volume> 
        <factor>0.08</factor>
      </volume>
    </click>

    <click> 
      <name>Wing Strobe Lights On</name>
      <path>Sounds/click.wav</path>
      <condition> 
        <property>controls/switches/strobe-lights</property>
      </condition>
      <volume> 
        <factor>0.08</factor>
      </volume>
    </click>
    
    <click> 
      <name>Wing Strobe Lights Off</name>
      <path>Sounds/click.wav</path>
      <condition>
       <not> 
        <property>controls/switches/strobe-lights</property>
       </not>
      </condition>
      <volume> 
        <factor>0.08</factor>
      </volume>
    </click>
    
    <!--
    <click> 
      <name>Avionics Master On</name>
      <path>Sounds/click.wav</path>
      <condition>
        <property>controls/switches/master-avionics</property>
      </condition>
      <volume> 
        <factor>0.08</factor>
      </volume>
    </click>
 
    <click> 
      <name>Avionics Master Off</name>
      <path>Sounds/click.wav</path>
      <condition>
       <not>
        <property>controls/switches/master-avionics</property>
       </not>
      </condition>
      <volume> 
        <factor>0.08</factor>
      </volume>
    </click>
    -->
    
    <squish> 
      <name>Primer Out</name>
      <path>Sounds/squeal.wav</path>
      <condition>
        <property>controls/engines/engine/primer-pump</property>
      </condition>
      <volume> 
        <factor>0.08</factor>
      </volume>
    </squish>
 
    <squish> 
      <name>Primer In</name>
      <path>Sounds/squeal.wav</path>
      <condition>
       <not>
        <property>controls/engines/engine/primer-pump</property>
       </not>
      </condition>
      <volume> 
        <factor>0.08</factor>
      </volume>
    </squish>

  </fx>
 
</PropertyList>
