<?xml version="1.0" ?>
<PropertyList>
    <path>ap.ac</path>

    <animation>
      <type>material</type>
      <object-name>bg</object-name>
      <emission>
          <red>0.128</red>
          <green>0.064</green>
          <blue>0.032</blue>
          <factor-prop>/systems/electrical/outputs/instrument-lights-norm</factor-prop>
      </emission>
    </animation>

    <animation>
        <type>material</type>
        <object-name>altOff</object-name>
        <object-name>apOff</object-name>
        <object-name>apprOff</object-name>
        <object-name>hdgOff</object-name>
        <object-name>iasOff</object-name>
        <object-name>navOff</object-name>
        <object-name>apprOff</object-name>
        <object-name>gpsOff</object-name>
        <object-name>pitchOff</object-name>
        <emission>
          <red>0.8</red>
          <green>0.5</green>
          <blue>0.3</blue>
          <factor-prop>/systems/electrical/outputs/instrument-lights-norm</factor-prop>
        </emission>
    </animation>

    <animation>
        <type>material</type>
        <object-name>altOn</object-name>
        <object-name>apOn</object-name>
        <object-name>apprOn</object-name>
        <object-name>hdgOn</object-name>
        <object-name>iasOn</object-name>
        <object-name>navOn</object-name>
        <object-name>apprOn</object-name>
        <object-name>gpsOn</object-name>
        <object-name>pitchOn</object-name>
        <emission>
            <red>0.02</red>
            <green>0.9</green>
            <blue>0.0</blue>
            <factor-prop>/systems/electrical/outputs/instrument-lights-norm</factor-prop>
        </emission>
    </animation>

    <animation>
        <type>select</type>
        <object-name>altOn</object-name>
        <object-name>apOn</object-name>
        <object-name>apprOn</object-name>
        <object-name>hdgOn</object-name>
        <object-name>iasOn</object-name>
        <object-name>navOn</object-name>
        <object-name>apprOn</object-name>
        <object-name>gpsOn</object-name>
        <object-name>pitchOn</object-name>
        <condition>
          <greater-than>
            <property>/systems/electrical/batt-volts</property>
            <value>12</value>
          </greater-than>
        </condition>
    </animation>

    <!--################  buttons on the ap-console #################### -->
    <!-- Main Switch AP -->
    <animation>
        <type>select</type>
        <object-name>apOff</object-name>
        <condition>
          <equals>
            <property>/autopilot/switches/ap</property>
            <value>0</value>
          </equals>
        </condition>
    </animation>

    <animation>
        <type>translate</type>
        <object-name>apOff</object-name>
        <property>/autopilot/switches/ap</property>
        <factor>-0.004</factor>
        <axis>
            <x>1</x>
            <y>0</y>
            <z>0</z>
        </axis>
    </animation>

    <animation>
        <type>pick</type>
        <visible>true</visible>
        <object-name>apOff</object-name>
        <action>
            <button>0</button>
            <binding>
              <command>property-assign</command>
              <property>/autopilot/switches/ap</property>
              <value>1</value>
            </binding>
            <binding>
              <command>property-toggle</command>
              <property>/sim/sound/switch3</property>
            </binding>
        </action>
    </animation>

    <animation>
        <type>pick</type>
        <visible>true</visible>
        <object-name>apOn</object-name>
        <action>
            <button>0</button>
            <binding>
              <command>property-assign</command>
              <property>/autopilot/switches/ap</property>
              <value>0</value>
            </binding>
            <binding>
              <command>property-toggle</command>
              <property>/sim/sound/switch3</property>
            </binding>
        </action>
    </animation>


    <!-- Heading Hold -->
    <animation>
        <type>select</type>
        <object-name>hdgOff</object-name>
        <condition>
          <equals>
            <property>/autopilot/switches/hdg</property>
            <value>0</value>
          </equals>
        </condition>
    </animation>

    <animation>
        <type>translate</type>
        <object-name>hdgOff</object-name>
        <property>/autopilot/switches/hdg</property>
        <factor>-0.004</factor>
        <axis>
            <x>1</x>
            <y>0</y>
            <z>0</z>
        </axis>
    </animation>

    <animation>
        <type>pick</type>
        <visible>true</visible>
        <object-name>hdgOff</object-name>
        <action>
            <button>0</button>
            <binding>
              <command>property-assign</command>
              <property>/autopilot/switches/hdg</property>
              <value>1</value>
            </binding>
            <binding>
              <command>property-toggle</command>
              <property>/sim/sound/switch3</property>
            </binding>
        </action>
    </animation>

    <animation>
        <type>pick</type>
        <visible>true</visible>
        <object-name>hdgOn</object-name>
        <action>
            <button>0</button>
            <binding>
              <command>property-assign</command>
              <property>/autopilot/switches/hdg</property>
              <value>0</value>
            </binding>
            <binding>
              <command>property-toggle</command>
              <property>/sim/sound/switch3</property>
            </binding>
        </action>
    </animation>

    <!-- Altitude Hold -->
    <animation>
        <type>select</type>
        <object-name>altOff</object-name>
        <condition>
          <equals>
            <property>/autopilot/switches/alt</property>
            <value>0</value>
          </equals>
        </condition>
    </animation>

    <animation>
        <type>translate</type>
        <object-name>altOff</object-name>
        <property>/autopilot/switches/alt</property>
        <factor>-0.004</factor>
        <axis>
            <x>1</x>
            <y>0</y>
            <z>0</z>
        </axis>
    </animation>

    <animation>
        <type>pick</type>
        <visible>true</visible>
        <object-name>altOff</object-name>
        <action>
            <button>0</button>
            <binding>
              <command>property-assign</command>
              <property>/autopilot/switches/alt</property>
              <value>1</value>
            </binding>
            <binding>
              <command>property-toggle</command>
              <property>/sim/sound/switch3</property>
            </binding>
        </action>
    </animation>

    <animation>
        <type>pick</type>
        <visible>true</visible>
        <object-name>altOn</object-name>
        <action>
            <button>0</button>
            <binding>
              <command>property-assign</command>
              <property>/autopilot/switches/alt</property>
              <value>0</value>
            </binding>
            <binding>
              <command>property-toggle</command>
              <property>/sim/sound/switch3</property>
            </binding>
        </action>
    </animation>

    <!-- IAS Hold -->
    <animation>
        <type>select</type>
        <object-name>iasOff</object-name>
        <condition>
          <equals>
            <property>/autopilot/switches/ias</property>
            <value>0</value>
          </equals>
        </condition>
    </animation>

    <animation>
        <type>translate</type>
        <object-name>iasOff</object-name>
        <property>/autopilot/switches/ias</property>
        <factor>-0.004</factor>
        <axis>
            <x>1</x>
            <y>0</y>
            <z>0</z>
        </axis>
    </animation>

    <animation>
        <type>pick</type>
        <visible>true</visible>
        <object-name>iasOff</object-name>
        <action>
            <button>0</button>
            <binding>
              <command>property-assign</command>
              <property>/autopilot/switches/ias</property>
              <value>1</value>
            </binding>
            <binding>
              <command>property-toggle</command>
              <property>/sim/sound/switch3</property>
            </binding>
        </action>
    </animation>

    <animation>
        <type>pick</type>
        <visible>true</visible>
        <object-name>iasOn</object-name>
        <action>
            <button>0</button>
            <binding>
              <command>property-assign</command>
              <property>/autopilot/switches/ias</property>
              <value>0</value>
            </binding>
            <binding>
              <command>property-toggle</command>
              <property>/sim/sound/switch3</property>
            </binding>
        </action>
    </animation>

    <!-- GPS follow -->
    <animation>
        <type>select</type>
        <object-name>gpsOff</object-name>
        <condition>
          <equals>
            <property>/autopilot/switches/gps</property>
            <value>0</value>
          </equals>
        </condition>
    </animation>

    <animation>
        <type>translate</type>
        <object-name>gpsOff</object-name>
        <property>/autopilot/switches/gps</property>
        <factor>-0.004</factor>
        <axis>
            <x>1</x>
            <y>0</y>
            <z>0</z>
        </axis>
    </animation>

    <animation>
        <type>pick</type>
        <visible>true</visible>
        <object-name>gpsOff</object-name>
        <action>
            <button>0</button>
            <binding>
              <command>property-assign</command>
              <property>/autopilot/switches/gps</property>
              <value>1</value>
            </binding>
            <binding>
              <command>property-toggle</command>
              <property>/sim/sound/switch3</property>
            </binding>
        </action>
    </animation>

    <animation>
        <type>pick</type>
        <visible>true</visible>
        <object-name>gpsOn</object-name>
        <action>
            <button>0</button>
            <binding>
              <command>property-assign</command>
              <property>/autopilot/switches/gps</property>
              <value>0</value>
            </binding>
            <binding>
              <command>property-toggle</command>
              <property>/sim/sound/switch3</property>
            </binding>
        </action>
    </animation>

    <!-- Pitch Hold -->
    <animation>
        <type>select</type>
        <object-name>pitchOff</object-name>
        <condition>
          <equals>
            <property>/autopilot/switches/pitch</property>
            <value>0</value>
          </equals>
        </condition>
    </animation>

    <animation>
        <type>translate</type>
        <object-name>pitchOff</object-name>
        <property>/autopilot/switches/pitch</property>
        <factor>-0.004</factor>
        <axis>
            <x>1</x>
            <y>0</y>
            <z>0</z>
        </axis>
    </animation>

    <animation>
        <type>pick</type>
        <visible>true</visible>
        <object-name>pitchOff</object-name>
        <action>
            <button>0</button>
            <binding>
              <command>property-assign</command>
              <property>/autopilot/switches/pitch</property>
              <value>1</value>
            </binding>
            <binding>
              <command>property-toggle</command>
              <property>/sim/sound/switch3</property>
            </binding>
        </action>
    </animation>

    <animation>
        <type>pick</type>
        <visible>true</visible>
        <object-name>pitchOn</object-name>
        <action>
            <button>0</button>
            <binding>
              <command>property-assign</command>
              <property>/autopilot/switches/pitch</property>
              <value>0</value>
            </binding>
            <binding>
              <command>property-toggle</command>
              <property>/sim/sound/switch3</property>
            </binding>
        </action>
    </animation>

    <!-- NAV1 Hold -->
    <animation>
        <type>select</type>
        <object-name>navOff</object-name>
        <condition>
          <equals>
            <property>/autopilot/switches/nav</property>
            <value>0</value>
          </equals>
        </condition>
    </animation>

    <animation>
        <type>translate</type>
        <object-name>navOff</object-name>
        <property>/autopilot/switches/nav</property>
        <factor>-0.004</factor>
        <axis>
            <x>1</x>
            <y>0</y>
            <z>0</z>
        </axis>
    </animation>

    <animation>
        <type>pick</type>
        <visible>true</visible>
        <object-name>navOff</object-name>
        <action>
            <button>0</button>
            <binding>
              <command>property-assign</command>
              <property>/autopilot/switches/nav</property>
              <value>1</value>
            </binding>
            <binding>
              <command>property-toggle</command>
              <property>/sim/sound/switch3</property>
            </binding>
        </action>
    </animation>

    <animation>
        <type>pick</type>
        <visible>true</visible>
        <object-name>navOn</object-name>
        <action>
            <button>0</button>
            <binding>
              <command>property-assign</command>
              <property>/autopilot/switches/nav</property>
              <value>0</value>
            </binding>
            <binding>
              <command>property-toggle</command>
              <property>/sim/sound/switch3</property>
            </binding>
        </action>
    </animation>

    <!-- Approach / Glideslope -->
    <animation>
        <type>select</type>
        <object-name>apprOff</object-name>
        <condition>
          <equals>
            <property>/autopilot/switches/appr</property>
            <value>0</value>
          </equals>
        </condition>
    </animation>

    <animation>
        <type>translate</type>
        <object-name>apprOff</object-name>
        <property>/autopilot/switches/appr</property>
        <factor>-0.004</factor>
        <axis>
            <x>1</x>
            <y>0</y>
            <z>0</z>
        </axis>
    </animation>

    <animation>
        <type>pick</type>
        <visible>true</visible>
        <object-name>apprOff</object-name>
        <action>
            <button>0</button>
            <binding>
              <command>property-assign</command>
              <property>/autopilot/switches/appr</property>
              <value>1</value>
            </binding>
            <binding>
              <command>property-toggle</command>
              <property>/sim/sound/switch3</property>
            </binding>
        </action>
    </animation>

    <animation>
        <type>pick</type>
        <visible>true</visible>
        <object-name>apprOn</object-name>
        <action>
            <button>0</button>
            <binding>
              <command>property-assign</command>
              <property>/autopilot/switches/appr</property>
              <value>0</value>
            </binding>
            <binding>
              <command>property-toggle</command>
              <property>/sim/sound/switch3</property>
            </binding>
        </action>
    </animation>
</PropertyList>
