<?xml version="1.0" encoding="ISO-8859-1"?>

<PropertyList>

  <path>alt.ac</path>

  <animation>
    <object-name>fond</object-name>
    <object-name>face</object-name>
    <object-name>needle</object-name>
    <object-name>kilodisk</object-name>

    <object-name>vitre</object-name>
  </animation>

  <animation>
    <type>noshadow</type>
    <object-name>vitre</object-name>
  </animation>



  <!-- working for Rembrandt -->
  <effect>
    <inherits-from>Effects/model-transparent</inherits-from>
    <condition>
      <property>sim/rendering/rembrandt/enabled</property>
    </condition>
    <object-name>vitre</object-name>
  </effect>

  <animation>
    <type>material</type>
    <object-name>face</object-name>
    <object-name>needle</object-name>
    <object-name>kilodisk</object-name>
    <emission>
      <factor-prop>/systems/electrical/outputs/instrument-lights</factor-prop>
      <red>   0.50 </red>
      <green> 0.25 </green>
      <blue>  0.25 </blue>
    </emission>
  </animation>

  <animation>
    <type>rotate</type>
    <object-name>needle</object-name>
    <property>instrumentation/altimeter/indicated-altitude-ft</property>
    <factor> 0.11 </factor>
    <axis>
      <x> -1 </x>
      <y>  0 </y>
      <z>  0 </z>
    </axis>
  </animation>

  <animation>
    <type>rotate</type>
    <object-name>kilodisk</object-name>
    <property>instrumentation/altimeter/indicated-altitude-ft</property>
    <factor> 0.011 </factor>
    <axis>
      <x> -1 </x>
      <y>  0 </y>
      <z>  0 </z>
    </axis>
  </animation>

   <animation>
    <type>pick</type>
    <object-name>knob</object-name>
    <visible>true</visible>
    <action>
      <button>3</button>
      <repeatable>true</repeatable>
      <binding>
        <command>property-adjust</command>
        <property>instrumentation/altimeter/setting-inhg</property>
        <step>0.009</step>
        <min>0</min>
        <max>60</max>
        <wrap>0</wrap>
      </binding>
    </action>
 </animation>
  <animation>
    <type>pick</type>
    <object-name>knob</object-name>
    <visible>true</visible>
    <action>
      <button>4</button>
      <repeatable>true</repeatable>
      <binding>
        <command>property-adjust</command>
        <property>instrumentation/altimeter/setting-inhg</property>
        <step>-0.009</step>
        <min>0</min>
        <max>60</max>
        <wrap>0</wrap>
      </binding>
    </action>
 </animation>

</PropertyList>

