<?xml version="1.0" encoding="UTF-8"?>

<PropertyList>

	<path>lights.ac</path>
	
	<!-- No preview for fgrun-->
	<animation>
		<object-name>Cone-texture</object-name>	
		<object-name>NavLightBackVolume</object-name>
		<object-name>NavLightVolume_right</object-name>
		<object-name>NavLightVolume_left</object-name>
		<object-name>BeaconVolume_1</object-name>
		<object-name>BeaconVolume_2</object-name>
		<object-name>LightVolume</object-name>
		<object-name>LightBall</object-name>
		<nopreview/>
	</animation>
	
	<!--  REMBRANDT support for transparent objects -->
	<effect>
	<inherits-from>Effects/model-transparent</inherits-from>
		<object-name>navlight_left</object-name>
		<object-name>navlight_right</object-name>
		<object-name>navlight_tail</object-name>
		<object-name>navlight_landing</object-name>
		<object-name>strobe.1</object-name>
		<object-name>strobe.2</object-name>
		<object-name>redlight.1</object-name>
		<object-name>redlight.2</object-name>
		<object-name>Cone-texture</object-name>
	</effect>
	
<!-- Landing and Search Light fake cone - disable in rembrand -->
	<animation>
	<type>select</type>
		<object-name>Cone-texture</object-name>
		<condition>
			<and>
				<not>
					<property>/sim/rendering/rembrandt/enabled</property>
				</not>
				<property>sim/multiplay/generic/int[4]</property>
				<property>/controls/gear/gear-down</property>
			</and>
		</condition>
	</animation>
	
	<effect>
		<inherits-from>Aircraft/dc6/Models/Lights/light-cone.eff</inherits-from>
		<object-name>Cone-texture</object-name>
	</effect>
	
<!-- Material animations -->
	
	<animation>
		<type>material</type>
		<object-name>navlight_left</object-name>
		<object-name>navlight_right</object-name>
		<object-name>navlight_tail</object-name>
		<object-name>navlight_landing</object-name>
		<object-name>navlight_search</object-name>
		<object-name>strobe.1</object-name>
		<object-name>strobe.2</object-name>
		<object-name>redlight.1</object-name>
		<object-name>redlight.2</object-name>
		<emission>
			<red>0.95</red>
			<green>0.95</green>
			<blue>0.95</blue>
		</emission>
	</animation>
	
	<animation>
		<type>material</type>
		<object-name>navlight_pos_tail</object-name>
		<object-name>navlight_pos_left</object-name>
		<object-name>navlight_pos_right</object-name>
		<condition>
			<property>sim/multiplay/generic/int[5]</property>
		</condition>
		<emission>
			<red>0.80</red>
			<green>0.80</green>
			<blue>0.80</blue>
		</emission>
	</animation>
	
	<animation>
		<type>material</type>
		<object-name>navlight_pos_top</object-name>
		<object-name>navlight_pos_bottom</object-name>
		<condition>
			<and>
				<not>
					<property>sim/multiplay/generic/int[2]</property>
				</not>
				<property>sim/multiplay/generic/int[5]</property>
			</and>
		</condition>
		<emission>
			<red>0.80</red>
			<green>0.80</green>
			<blue>0.80</blue>
		</emission>
	</animation>
	
	<animation>
		<type>material</type>
		<object-name>navlight_pos_top</object-name>
		<object-name>navlight_pos_bottom</object-name>
		<condition>
			<property>sim/multiplay/generic/int[2]</property>
		</condition>
		<emission>
			<red>1.0</red>
			<green>1.0</green>
			<blue>1.0</blue>
		</emission>
	</animation>
	
	<animation>
		<type>material</type>
		<object-name>navlight_pos_landing</object-name>
		<condition>
			<property>sim/multiplay/generic/int[4]</property>
		</condition>
		<emission>
			<red>0.90</red>
			<green>0.90</green>
			<blue>0.90</blue>
		</emission>
	</animation>

	
<!-- Property switches -->
	<!-- Nav light fake shine - Left, Right, Tail -->
	<animation>
		<type>select</type>
		<object-name>navlight_left</object-name>
		<object-name>navlight_right</object-name>
		<object-name>navlight_tail</object-name>
		<condition>
			<and>
        <!--
				<not>
					<property>/sim/rendering/rembrandt/enabled</property>
				</not>
        -->
				<property>sim/multiplay/generic/int[5]</property>
			</and>
		</condition>
	</animation>
	
	<!--  Rembrand - Nav light - Left, Right, Tail -->
	<animation>
		<type>select</type>
		<object-name>NavLightBackVolume</object-name>
		<object-name>NavLightVolume_right</object-name>
		<object-name>NavLightVolume_left</object-name>
		<condition>
			<and>
				<property>/sim/rendering/rembrandt/enabled</property>
				<property>sim/multiplay/generic/int[5]</property>
			</and>
		</condition>
	</animation>
	
	<!-- Landing light fake shine -->
	<animation>
		<type>select</type>
		<object-name>navlight_landing</object-name>
		<condition>
			<and>
				<!--
				<not>
					<property>/sim/rendering/rembrandt/enabled</property>
				</not>
				-->
				<property>sim/multiplay/generic/int[4]</property>
			</and>
		</condition>
	</animation>
	
	<!-- Rembrand - Landing light -->
	<animation>
		<type>select</type>
		<object-name>LightVolume</object-name>
		<object-name>LightBall</object-name>
		<condition>
			<and>
				<property>/sim/rendering/rembrandt/enabled</property>
				<property>sim/multiplay/generic/int[4]</property>
				<property>/controls/gear/gear-down</property>
			</and>
		</condition>
	</animation>
	
	<!-- Position strobe white light fake shine -->
	<animation>
		<type>select</type>
		<object-name>strobe.1</object-name>		
    <object-name>strobe.2</object-name>
		<condition>
			<and>
				<property>sim/multiplay/generic/int[3]</property>
			</and>
		</condition>
	</animation>
	
	<!-- Position strobe red light fake shine -->
	<animation>
		<type>select</type>
		<object-name>redlight.1</object-name>
		<object-name>redlight.2</object-name>
		<condition>
			<and>
				<not>
					<property>/sim/rendering/rembrandt/enabled</property>
				</not>
				<property>sim/multiplay/generic/int[2]</property>
			</and>
		</condition>
	</animation>
	
	<!-- Rembrand - Position strobe red top / bottom -->
	<animation>
		<type>select</type>
		<object-name>BeaconVolume_1</object-name>
		<object-name>BeaconVolume_2</object-name>
		<condition>
			<and>
				<property>/sim/rendering/rembrandt/enabled</property>
				<property>sim/multiplay/generic/int[2]</property>
			</and>
		</condition>
	</animation>
	
	<!-- Strobe white fake light animations -->
	<animation>
		<type>translate</type>
		<object-name>strobe.1</object-name>
		<offset-m>18.2</offset-m>
		<axis>
			<x>-0.004</x>
			<y>17.923</y>
			<z> 1.436</z>
		</axis>
	</animation>
	
	<animation>
		<type>billboard</type>
		<object-name>strobe.1</object-name>
	</animation>
	
	<animation>
		<type>dist-scale</type>
		<object-name>strobe.1</object-name>
		<interpolation>
			<entry><ind>0</ind><dep>1</dep></entry>
			<entry><ind>500</ind><dep>2.5</dep></entry>
			<entry><ind>16000</ind><dep>10</dep></entry>
		</interpolation>
	</animation>

	<animation>
		<type>translate</type>
		<object-name>strobe.2</object-name>
		<offset-m>18.2</offset-m>
		<axis>
			<x>-0.004</x>
			<y>-17.923</y>
			<z> 1.436</z>
		</axis>
	</animation>
	
	<animation>
		<type>billboard</type>
		<object-name>strobe.2</object-name>
	</animation>
	
	<animation>
		<type>dist-scale</type>
		<object-name>strobe.2</object-name>
		<interpolation>
			<entry><ind>0</ind><dep>1</dep></entry>
			<entry><ind>500</ind><dep>2.5</dep></entry>
			<entry><ind>16000</ind><dep>10</dep></entry>
		</interpolation>
	</animation>
	
	<!-- Beacon red bottom  -->
	<animation>
		<type>translate</type>
		<object-name>redlight.1</object-name>
		<offset-m>1.65</offset-m>
		<axis>
			<x> 1.179</x>
			<y> 0.0</y>
			<z> -1.173</z>
		</axis>
	</animation>
	
	<animation>
		<type>billboard</type>
		<object-name>redlight.1</object-name>
	</animation>
	
	<animation>
		<type>dist-scale</type>
		<object-name>redlight.1</object-name>
		<interpolation>
			<entry><ind>0</ind><dep>1</dep></entry>
			<entry><ind>500</ind><dep>2.5</dep></entry>
			<entry><ind>16000</ind><dep>10</dep></entry>
		</interpolation>
	</animation>
	
	<!-- Beacon red top -->
	<animation>
		<type>translate</type>
		<object-name>redlight.2</object-name>
		<offset-m>18.10</offset-m>
		<axis>
			<x> 16.945</x>
			<y> 0.0</y>
			<z> 6.276</z>
		</axis>
	</animation>
	
	<animation>
		<type>billboard</type>
		<object-name>redlight.2</object-name>
	</animation>
	
	<animation>
		<type>dist-scale</type>
		<object-name>redlight.2</object-name>
		<interpolation>
			<entry><ind>0</ind><dep>1</dep></entry>
			<entry><ind>500</ind><dep>2.5</dep></entry>
			<entry><ind>16000</ind><dep>10</dep></entry>
		</interpolation>
	</animation>
	
<!-- Rembrand lights -->
	<!-- Nav light back -->
	<animation>
		<type>light</type>
		<light-type>point</light-type>
		<name>NavLightBack</name>
		<object-name>NavLightBackVolume</object-name>
		<position>
			<x>26.5</x>
			<y>0.000</y>
			<z>0.689</z>
		</position>
		<direction>
			<x> 1.0</x>
			<y> 0.0</y>
			<z> 0.0</z>
		</direction>
		<ambient>
			<r>0.99</r>
			<g>0.99</g>
			<b>0.96</b>
			<a>1.0</a>
		</ambient>
		<diffuse>
			<r>0.99</r>
			<g>0.99</g>
			<b>0.96</b>
			<a>1.0</a>
		</diffuse>
		<specular>
			<r>0.99</r>
			<g>0.99</g>
			<b>0.96</b>
			<a>1.0</a>
		</specular>
		<attenuation>
			<c>1.0</c>
			<l>0.0</l>
			<q>0.75</q>
		</attenuation>
		<exponent>3</exponent>
		<near-m>0.01</near-m>
		<far-m>36</far-m>
		<cutoff>150</cutoff>
	</animation>
	
	<!-- Nav light left -->
	<animation>
		<type>light</type>
		<light-type>point</light-type>
		<name>NavLightLeft</name>
		<object-name>NavLightVolume_left</object-name>
		<position>
			<x>0.004</x>
			<y>-24.9</y>
			<z>1.418</z>
		</position>
		<direction>
			<x> 0.0</x>
			<y>-1.0</y>
			<z> 0.0</z>
		</direction>
		<ambient>
			<r>0.99</r>
			<g>0.0</g>
			<b>0.0</b>
			<a>1.0</a>
		</ambient>
		<diffuse>
			<r>0.99</r>
			<g>0.0</g>
			<b>0.0</b>
			<a>1.0</a>
		</diffuse>
		<specular>
			<r>0.99</r>
			<g>0.0</g>
			<b>0.0</b>
			<a>1.0</a>
		</specular>
		<attenuation>
			<c>1.0</c>
			<l>0.0</l>
			<q>0.75</q>
		</attenuation>
		<exponent>3</exponent>
		<near-m>0.01</near-m>
		<far-m>18</far-m>
		<cutoff>150</cutoff>
	</animation>
	
	<!-- Nav light right -->
	<animation>
		<type>light</type>
		<light-type>point</light-type>
		<name>NavLightRight</name>
		<object-name>NavLightVolume_right</object-name>
		<position>
			<x>0.004</x>
			<y>24.9</y>
			<z>1.418</z>
		</position>
		<direction>
			<x> 0.0</x>
			<y>1.0</y>
			<z> 0.0</z>
		</direction>
		<ambient>
			<r>0.0</r>
			<g>0.99</g>
			<b>0.0</b>
			<a>1.0</a>
		</ambient>
		<diffuse>
			<r>0.9</r>
			<g>0.99</g>
			<b>0.0</b>
			<a>1.0</a>
		</diffuse>
		<specular>
			<r>0.0</r>
			<g>0.99</g>
			<b>0.0</b>
			<a>1.0</a>
		</specular>
		<attenuation>
			<c>1.0</c>
			<l>0.0</l>
			<q>0.75</q>
		</attenuation>
		<exponent>3</exponent>
		<near-m>0.01</near-m>
		<far-m>18</far-m>
		<cutoff>150</cutoff>
	</animation>
	
	<!-- Landing light -->
	<animation>
		<type>light</type>
		<light-type>spot</light-type>
		<name>Landinglight</name>
		<object-name>LightVolume</object-name>
		<position>
			<x>-9.23</x>
			<y> 0.0</y>
			<z>-0.842</z>
		</position>
		<direction>
			<x>-600.0</x>
			<y>   0.0</y>
			<z>   0.0</z>
		</direction>
		<diffuse>
			<r>1.0</r>
			<g>1.0</g>
			<b>1.0</b>
			<a>1.0</a>
		</diffuse>
		<specular>
			<r>1.0</r>
			<g>1.0</g>
			<b>1.0</b>
			<a>1.0</a>
		</specular>
		<attenuation>
			<c>1.0</c>
			<l>0.002</l>
			<q>0.00005</q>
		</attenuation>
		<exponent>40</exponent>
		<near-m>0.05</near-m>
		<far-m>450</far-m>
		<cutoff>40</cutoff>
	</animation>

	<animation>
		<type>light</type>
		<light-type>point</light-type>
		<name>LightBallon</name>
		<object-name>LightBall</object-name>
		<position>
			<x>-16.77</x>
			<y>0.000</y>
			<z>-2.0</z>
		</position>a  
		<ambient>
			<r>0.99</r>
			<g>0.99</g>
			<b>0.96</b>
			<a>1.0</a>
		</ambient>
		<diffuse>
			<r>0.99</r>
			<g>0.99</g>
			<b>0.96</b>
			<a>1.0</a>
		</diffuse>
		<specular>
			<r>0.99</r>
			<g>0.99</g>
			<b>0.96</b>
			<a>1.0</a>
		</specular>
		<attenuation>
			<c>1.0</c>
			<l>0.0</l>
			<q>0.75</q>
		</attenuation>
		<exponent>3</exponent>
		<near-m>0.01</near-m>
		<far-m>36</far-m>
		<cutoff>150</cutoff>
	</animation>

	<!-- beacon red top -->
	<animation>
		<type>light</type>
		<light-type>point</light-type>
		<name>Beacon_top</name>
		<object-name>BeaconVolume_1</object-name>
		<position>
			<x> 1.179</x>
			<y> 0.000</y>
			<z> -1.173</z>
		</position>
		<ambient>
			<r>0.99</r>
			<g>0.0</g>
			<b>0.0</b>
			<a>1.0</a>
		</ambient>
		<diffuse>
			<r>0.99</r>
			<g>0.0</g>
			<b>0.0</b>
			<a>1.0</a>
		</diffuse>
		<specular>
			<r>0.99</r>
			<g>0.0</g>
			<b>0.0</b>
			<a>1.0</a>
		</specular>
		<attenuation>
			<c>1.0</c>
			<l>0.7</l>
			<q>8</q>
		</attenuation>
		<near-m>0.01</near-m>
		<far-m>10</far-m>
	</animation>
	
	<!-- beacon red bottom -->
	<animation>
		<type>light</type>
		<light-type>point</light-type>
		<name>Beacon_bottom</name>
		<object-name>BeaconVolume_2</object-name>
		<position>
			<x> 16.945</x>
			<y> 0.0</y>
			<z> 6.276</z>
		</position>
		<ambient>
			<r>0.99</r>
			<g>0.0</g>
			<b>0.0</b>
			<a>1.0</a>
		</ambient>
		<diffuse>
			<r>0.99</r>
			<g>0.0</g>
			<b>0.0</b>
			<a>1.0</a>
		</diffuse>
		<specular>
			<r>0.99</r>
			<g>0.0</g>
			<b>0.0</b>
			<a>1.0</a>
		</specular>
		<attenuation>
			<c>1.0</c>
			<l>0.7</l>
			<q>8</q>
		</attenuation>
		<near-m>0.01</near-m>
		<far-m>10</far-m>
	</animation>
	
</PropertyList>
