<?xml version="1.0" encoding="UTF-8"?>

<PropertyList>

  <path>alt.ac</path>
    
  <animation>
    <object-name>fond</object-name>
    <object-name>face</object-name>
    <object-name>needle</object-name>
    <object-name>inhgknob</object-name>
    <object-name>visses</object-name>

    <object-name>vitre</object-name>
    <object-name>inhg.up</object-name>
    <object-name>inhg.dn</object-name>
  </animation>

  <animation>
    <type>noshadow</type>
    <object-name>vitre</object-name>
  </animation>

  <effect>
    <inherits-from>Effects/model-transparent</inherits-from>
    <condition>
      <property>sim/rendering/rembrandt/enabled</property>
    </condition>
    <object-name>vitre</object-name>
  </effect>

  <animation>
    <type>material</type>
    <object-name>face</object-name>
    <object-name>needle</object-name>
    <object-name>inhgknob</object-name>
    <emission>
      <red>   0.75 </red>
      <green> 0.25 </green>
      <blue>  0.25 </blue>
      <factor-prop>/controls/lighting/panel-norm</factor-prop>
    </emission>
  </animation>

  <animation> 
    <type>rotate</type>
    <object-name>needle</object-name>
    <property>position/altitude-ft</property>
    <interpolation>
      <entry><ind>     0 </ind><dep>   0 </dep></entry>
      <entry><ind> 15000 </ind><dep> 330 </dep></entry>
      <entry><ind> 20000 </ind><dep> 435 </dep></entry>
    </interpolation>
    <axis> 
      <x> 1 </x>
      <y> 0 </y>
      <z> 0 </z>
    </axis>
  </animation>

  <animation> 
    <type>rotate</type>
    <object-name>face</object-name>
    <property>instrumentation/altimeter/setting-inhg</property>
    <interpolation>
      <entry><ind> 27.50 </ind><dep> -20 </dep></entry>
      <entry><ind> 29.92 </ind><dep>   0 </dep></entry>
      <entry><ind> 31.00 </ind><dep>  20 </dep></entry>
    </interpolation>
    <axis> 
      <x> -1 </x>
      <y>  0 </y>
      <z>  0 </z>
    </axis>
  </animation>

  <animation>
    <type>pick</type>
    <object-name>inhg.dn</object-name>
    <visible>0</visible>
    <action>
      <button>0</button>
      <repeatable>true</repeatable>
      <binding>
        <command>property-adjust</command>
        <property>instrumentation/altimeter/setting-inhg</property>
        <step> -0.01 </step>
        <min>  27.90 </min>
        <max>  31.40 </max>
        <wrap>  0 </wrap>
      </binding>
    </action>
  </animation>

  <animation>
    <type>pick</type>
    <object-name>inhg.dn</object-name>
    <visible>0</visible>
    <action>
      <button>1</button>
      <repeatable>true</repeatable>
      <binding>
        <command>property-adjust</command>
        <property>instrumentation/altimeter/setting-inhg</property>
        <step> -0.10 </step>
        <min>  27.90 </min>
        <max>  31.40 </max>
        <wrap>  0 </wrap>
      </binding>
    </action>
  </animation>

  <animation>
    <type>pick</type>
    <object-name>inhg.up</object-name>
    <visible>0</visible>
    <action>
      <button>0</button>
      <repeatable>true</repeatable>
      <binding>
        <command>property-adjust</command>
        <property>instrumentation/altimeter/setting-inhg</property>
        <step> 0.01</step>
        <min> 27.90</min>
        <max> 31.40</max>
        <wrap> 0 </wrap>
      </binding>
    </action>
  </animation>

  <animation>
    <type>pick</type>
    <object-name>inhg.up</object-name>
    <visible>0</visible>
    <action>
      <button>1</button>
      <repeatable>true</repeatable>
      <binding>
        <command>property-adjust</command>
        <property>instrumentation/altimeter/setting-inhg</property>
        <step> 0.1</step>
        <min> 27.90</min>
        <max> 31.40</max>
        <wrap> 0 </wrap>
      </binding>
    </action>
  </animation>

</PropertyList>

