<?xml version="1.0" encoding="UTF-8"?>

<PropertyList>

  <path>gunner.ac</path>
	
    <effect>
     <inherits-from>Effects/model-transparent</inherits-from>
      <object-name>lenses</object-name>
    </effect>

  <!-- Select observer model with adding payload weight[1] -->

    	<animation>
		<type>select</type>
		<object-name>Observer</object-name>
		<condition>
		 <greater-than>
		     <property>sim/weight[1]/weight-lb</property>
		     <value>100.0</value>
		 </greater-than>
		</condition>
	</animation>

 	<animation>
		<type>select</type>
		<object-name>Observer</object-name>
		<condition>
			<not>
				<equals>
					<property>sim/current-view/view-number</property>
					<value>12</value>
				</equals>
			</not>
		</condition>
	</animation>

  
</PropertyList>

