<?xml version="1.0"?>

<PropertyList>

  <path>pilot.ac</path>

  <animation>
    <!-- Objets opaques -->
    <object-name>tete</object-name>
    <object-name>corps</object-name>
    <object-name>brasG</object-name>
    <object-name>brasD</object-name>
    <object-name>avantbrasG</object-name>
    <object-name>avantbrasD</object-name>
    <object-name>manche</object-name>
    <object-name>cuisseG</object-name>
    <object-name>cuisseD</object-name>
    <object-name>jambeG</object-name>
    <object-name>jambed</object-name>
    <object-name>piedG</object-name>
    <object-name>piedD</object-name>

    <!-- Objets transparents -->
  </animation>

 	<!-- De-select when in view 0 -->
	<animation>
		<type>select</type>
		<object-name>Pilot</object-name>
		<condition>
			<not>
				<equals>
					<property>sim/current-view/view-number</property>
					<value>0</value>
				</equals>
			</not>
		</condition>
	</animation>

</PropertyList>

