<?xml version="1.0" encoding="UTF-8"?>

<PropertyList>

  <path>turn.ac</path>

  <animation>
    <object-name>fond</object-name>
    <object-name>visses</object-name>
    <object-name>face</object-name>
    <object-name>needle</object-name>
    <object-name>ball</object-name>

    <object-name>vitre</object-name>
  </animation>

  <animation>
    <type>noshadow</type>
    <object-name>vitre</object-name>
  </animation>

  <effect>
    <inherits-from>Effects/model-transparent</inherits-from>
    <condition>
      <property>sim/rendering/rembrandt/enabled</property>
    </condition> 
    <object-name>vitre</object-name>
  </effect>
  
  <animation>
    <type>material</type>
    <object-name>face</object-name>
    <object-name>needle</object-name>
    <object-name>ball</object-name>
    <emission>
      <factor-prop>/systems/electrical/outputs/instrument-lights</factor-prop>
      <red>   0.50 </red>
      <green> 0.25 </green>
      <blue>  0.25 </blue>
    </emission>
  </animation>

  <animation> 
    <type>rotate</type>
    <object-name>ball</object-name>
    <property>/instrumentation/slip-skid-ball/indicated-slip-skid</property>
    <interpolation> 
      <entry><ind> -3 </ind><dep> -30 </dep></entry>
      <entry><ind>  0 </ind><dep>   0 </dep></entry>
      <entry><ind>  3 </ind><dep>  30 </dep></entry>
    </interpolation>
    <center>
      <x-m> 0.00 </x-m>
      <y-m> 0.00 </y-m>
      <z-m> 0.02 </z-m>
    </center>
    <axis> 
      <x> 1 </x>
      <y> 0 </y>
      <z> 0 </z>
    </axis>
  </animation>

  <animation> 
    <type>rotate</type>
    <object-name>needle</object-name>
    <property>/instrumentation/turn-indicator/indicated-turn-rate</property>
    <interpolation> 
      <entry><ind> -4 </ind><dep> -60 </dep></entry>
      <entry><ind> -3 </ind><dep> -45 </dep></entry>
      <entry><ind> -2 </ind><dep> -30 </dep></entry>
      <entry><ind> -1 </ind><dep> -15 </dep></entry>
      <entry><ind>  0 </ind><dep>   0 </dep></entry>
      <entry><ind>  1 </ind><dep>  15 </dep></entry>
      <entry><ind>  2 </ind><dep>  30 </dep></entry>
      <entry><ind>  3 </ind><dep>  45 </dep></entry>
      <entry><ind>  4 </ind><dep>  60 </dep></entry>
    </interpolation>
    <axis> 
      <x> -1 </x>
      <y>  0 </y>
      <z>  0 </z>
    </axis>
  </animation>

</PropertyList>
