<?xml version="1.0"?>

  <!-- (c) 2015 LesterBoffo -->

<PropertyList>

 <path>sop-baby.ac</path>

  <effect>
     <inherits-from>Effects/model-transparent</inherits-from>
      <object-name>propdisk</object-name>
      <object-name>propblur</object-name>
    </effect>
	
	  <effect>
    <inherits-from>Effects/model-transparent</inherits-from>
    <condition>
      <property>sim/rendering/rembrandt/enabled</property>
    </condition>
      <object-name>propdisk</object-name>
      <object-name>propblur</object-name>
      <object-name>perspex</object-name>
  </effect>
 
 <!-- Control surfaces -->
 <!--<property>surface-positions/rudder-pos-norm</property>-->

 
  <model>
    <path>Aircraft/Sopwith_Baby/Models/instruments/panel.xml</path>
    <offsets>
      <x-m> 0.00 </x-m>
      <y-m> 0.00 </y-m>
      <z-m> 0.00 </z-m>
      <roll-deg> 0 </roll-deg>
      <pitch-deg> 0 </pitch-deg>
      <heading-deg> 0 </heading-deg>
    </offsets>
  </model>
 
  <model>
    <path>Aircraft/Sopwith_Baby/Models/Effects/cranking/cranking.xml</path>
    <offsets>
      <x-m> -1.013 </x-m>
      <y-m> 0.0 </y-m>
      <z-m> -0.19 </z-m>
      <roll-deg>    0 </roll-deg>
      <pitch-deg>  -85 </pitch-deg>
      <heading-deg> 0 </heading-deg>
    </offsets>
  </model>

   <model>
    <path>Aircraft/Sopwith_Baby/Models/Effects/exhaust/exhaustsmoke.xml</path>
    <offsets>
      <x-m> -1.386 </x-m>
      <y-m> 0.0 </y-m>
      <z-m> -0.43 </z-m>
      <roll-deg>    0 </roll-deg>
      <pitch-deg>  -85 </pitch-deg>
      <heading-deg> 0 </heading-deg>
    </offsets>
  </model>


  <!--  Float ALS wave animations -->


  <!-- left float -->
  <model>
    <path>Aircraft/Sopwith_Baby/Models/Effects/Wakes/wakeGA.xml</path>
    <offsets>
      <x-m>  0.377 </x-m>
      <y-m> -0.974 </y-m>
      <z-m> -1.923 </z-m>
      <pitch-deg> -18 </pitch-deg>
    </offsets>
  </model>

<model>
    <path>Aircraft/Sopwith_Baby/Models/Effects/Wakes/waterGF.xml</path>
    <offsets>
      <x-m>  0.377 </x-m>
      <y-m> -0.974 </y-m>
      <z-m> -1.923 </z-m>
      <pitch-deg> -15 </pitch-deg>
    </offsets>
  </model>

  <!-- right float -->
  <model>
    <path>Aircraft/Sopwith_Baby/Models/Effects/Wakes/wakeDA.xml</path>
    <offsets>
      <x-m>  0.377 </x-m>
      <y-m>  0.974 </y-m>
      <z-m> -1.923 </z-m>
      <pitch-deg> -18 </pitch-deg>
    </offsets>
  </model>

<model>
    <path>Aircraft/Sopwith_Baby/Models/Effects/Wakes/waterDF.xml</path>
    <offsets>
      <x-m>  0.377 </x-m>
      <y-m>  0.974 </y-m>
      <z-m> -1.923 </z-m>
      <pitch-deg> -15 </pitch-deg>
    </offsets>
  </model>

   <!-- aft-float -->
  <model>
    <path>Aircraft/Sopwith_Baby/Models/Effects/Wakes/wake.xml</path>
    <offsets>
      <x-m>  4.347 </x-m>
      <y-m>  0.000 </y-m>
      <z-m> -0.774 </z-m>
      <pitch-deg> -18 </pitch-deg>
    </offsets>
  </model>

  <model>
    <path>Aircraft/Sopwith_Baby/Models/Effects/Wakes/water.xml</path>
    <offsets>
      <x-m>  4.347 </x-m>
      <y-m>  0.000 </y-m>
      <z-m> -0.774 </z-m>
      <pitch-deg> -12 </pitch-deg>
    </offsets>
  </model>

  <!-- pilot -->
  <model>
    <path>Aircraft/Sopwith_Baby/Models/Pilot/pilot.xml</path>   
    <offsets>
      <x-m> -0.213 </x-m>
      <y-m>  0.000 </y-m>
      <z-m>  0.012 </z-m>
    </offsets>
  </model>

<model>
    <path>Aircraft/Sopwith_Baby/Models/Effects/guns/fire.xml</path>
    <offsets>
      <x-m> -1.3838 </x-m>
      <y-m>  0.9687 </y-m>
      <z-m>  0.254 </z-m>
      <roll-deg> 0 </roll-deg>
      <pitch-deg> 0 </pitch-deg>
      <heading-deg> 149 </heading-deg>
    </offsets>
  </model>

   <!-- Control surfaces -->

 <!-- rudder, horns and cables -->

    <animation>
    <name>rudder-cables</name>
    <object-name>rudder</object-name>
    <object-name>Lruddcable</object-name>
    <object-name>Rruddcable</object-name>
  </animation>

  <animation>
    <type>rotate</type>
    <object-name>rudder-cables</object-name>
    <property>controls/flight/rudder</property>
    <factor>28</factor>
    <center>
      <x-m> 3.805 </x-m>
      <y-m>  0.0 </y-m>
      <z-m> 0.5312 </z-m>
    </center>
    <axis>
      <x> 0 </x>
      <y> 0 </y>
      <z> 1 </z>
    </axis>
  </animation>

  <animation>
    <type>rotate</type>
    <object-name>Rruddcable</object-name>
    <property>controls/flight/rudder</property>
    <factor>-28</factor>
    <center>
      <x-m>3.817</x-m>
      <y-m> 0.1074  </y-m>
      <z-m>0.476</z-m>
    </center>
    <axis>
      <x> 0 </x>
      <y> 0 </y>
      <z> 1 </z>
    </axis>
  </animation>

   <animation>
    <type>rotate</type>
    <object-name>Lruddcable</object-name>
    <property>controls/flight/rudder</property>
    <factor>-28</factor>
    <center>
      <x-m> 3.817 </x-m>
      <y-m> -0.1074 </y-m>
      <z-m> 0.476 </z-m>
    </center>
    <axis>
      <x> 0 </x>
      <y> 0 </y>
      <z> 1 </z>
    </axis>
  </animation>

    <!-- Elevators, horns and cables -->
  <animation>
    <name>elevatorcables</name>
    <object-name>elevators</object-name>
    <object-name>upelev-cables</object-name>
    <object-name>lowelev-cables</object-name>
  </animation>

  <animation>
    <type>rotate</type>
    <object-name>elevatorcables</object-name>
    <property>/controls/flight/elevator</property>
    <factor>15</factor>
    <center>
      <x-m>  3.803 </x-m>
      <y-m>  0.000 </y-m>
      <z-m>  0.3613 </z-m>
    </center>
    <axis>
      <x>  0 </x>
      <y>  1 </y>
      <z>  0 </z>
    </axis>
  </animation>

   <animation>
    <type>rotate</type>
    <object-name>upelev-cables</object-name>
    <property>/controls/flight/elevator</property>
    <factor>-14.9</factor>
    <center>
      <x-m>  3.787 </x-m>
      <y-m>  0.000 </y-m>
      <z-m>  0.4747 </z-m>
    </center>
    <axis>
      <x>  0 </x>
      <y>  1 </y>
      <z>  0 </z>
    </axis>
  </animation>

   <animation>
    <type>rotate</type>
    <object-name>lowelev-cables</object-name>
    <property>/controls/flight/elevator</property>
    <factor>-14.9</factor>
    <center>
      <x-m>  3.787 </x-m>
      <y-m>  0.000 </y-m>
      <z-m>  0.2575 </z-m>
    </center>
    <axis>
      <x> 0 </x>
      <y> 1 </y>
      <z> 0 </z>
    </axis>
  </animation>

<animation>
  <type>rotate</type>
  <object-name>leftaileron</object-name>
  <property>surface-positions/left-aileron-pos-norm</property>
  <factor>17</factor>
  <axis>
   <x1-m> -0.3229 </x1-m>
   <y1-m> -3.666 </y1-m>
   <z1-m> 1.288 </z1-m>
   <x2-m> -0.3235 </x2-m>
   <y2-m> -2.4971 </y2-m>
   <z2-m> 1.229 </z2-m>
  </axis>
 </animation>

<animation>
  <type>rotate</type>
  <object-name>rightaileron</object-name>
  <property>surface-positions/right-aileron-pos-norm</property>
  <factor>-17</factor>
  <axis>
   <x1-m> -0.3229 </x1-m>
   <y1-m> 3.666 </y1-m>
   <z1-m> 1.288 </z1-m>
   <x2-m> -0.3235 </x2-m>
   <y2-m> 2.4971 </y2-m>
   <z2-m> 1.229 </z2-m>
  </axis>
 </animation>

   <!-- propeller selection with rpm spin -->

  <animation>
    <type>select</type>
    <object-name>propdisk</object-name>
    <condition>
      <greater-than>
        <property>engines/engine/rpm</property>
        <value>280</value>
      </greater-than>
    </condition>
  </animation>

  <!-- <animation>
    <type>select</type>
    <object-name>engineblur</object-name>
    <condition>
    <and>
      <greater-than>
        <property>engines/engine/rpm</property>
        <value>5500.000</value>
      </greater-than>
      <less-than>
        <property>engines/engine/rpm</property>
        <value>5000.001</value>
      </less-than>
    </and>
    </condition>
  </animation> -->

  <animation>
    <type>select</type>
    <object-name>RHprop</object-name>
    <condition>
      <less-than>
        <property>engines/engine/rpm</property>
	<value>300</value>
      </less-than>
    </condition>
  </animation>

  <animation>
    <name>PropComplete</name>
    <object-name>RHprop</object-name>
    <object-name>propmount</object-name>
    <object-name>propbol</object-name>
    <object-name>engine</object-name>
    <object-name>propdisk</object-name>
  </animation>

  <animation>
    <type>spin</type>
    <object-name>PropComplete</object-name>
    <condition>
      <greater-than>
        <property>engines/engine[0]/rpm</property>
        <value> 15 </value>
      </greater-than>
    </condition>
    <property>engines/engine/rpm</property>
    <factor> 1 </factor>
    <center>
      <x-m> -2.023 </x-m>
      <y-m>  0.000 </y-m>
      <z-m>  0.00 </z-m>
    </center>
    <axis>
      <x> -1 </x>
      <y>  0 </y>
      <z>  0 </z>
    </axis>
  </animation>

<!-- cockpit stuff -->

<!-- Fuel airpump -->

 <animation>
  <type>translate</type>
  <object-name>pumphandle</object-name>
  <property>/controls/engines/engine/primer-pressed</property>
  <interpolation>
   <entry>
    <ind>0</ind>
    <dep>0</dep>
   </entry>
   <entry>
    <ind>1</ind>
    <dep>0.17</dep>
   </entry>
  </interpolation>
    <center>
      <x-m> -0.023 </x-m>
      <y-m>  0.300 </y-m>
      <z-m>  0.00 </z-m>
    </center>
    <axis>
      <x> 1 </x>
      <y>  0 </y>
      <z>  0 </z>
    </axis>
 </animation>

<animation>
  <type>pick</type>
  <object-name>pumphandle</object-name>
  <action>
    <button>0</button>
    <repeatable>false</repeatable>
   <binding>
    <command>property-adjust</command>
    <property>/controls/engines/engine[0]/primer</property>
    <step>0.05</step>
    <min>0</min>
    <max>1.0</max>
    <wrap>false</wrap>
   </binding>
    <binding>
      <command>property-assign</command>
      <property>controls/engines/engine/primer-pressed</property>
    <value>true</value>
    </binding>
        <mod-up>
          <binding>
            <command>property-assign</command>
      <property>controls/engines/engine/primer-pressed</property>
    <value>false</value>
    </binding>
        </mod-up>
  </action>
</animation> 

  <!-- cockpit -->

	<!--  pilot's joystick -->
	<animation>
		<object-name>joystick</object-name>
		<object-name>joyhandles</object-name>
		<property>controls/flight/aileron</property>
		<type>rotate</type>
		<factor>13</factor>
		<axis>
			<x>-1</x>
			<y>0</y>
			<z>0</z>
		</axis>
		<center>
			<x-m>-0.717</x-m>
			<y-m>0.0</y-m>
			<z-m>-0.422</z-m>
		</center>
	</animation>

	<animation>
		<object-name>joystick</object-name>
		<object-name>joyhandles</object-name>
		<property>controls/flight/elevator</property>
		<type>rotate</type>
		<factor>14</factor>
		<axis>
			<x>0</x>
			<y>-1</y>
			<z>0</z>
		</axis>
		<center>
			<x-m>-0.717</x-m>
			<y-m>0.0</y-m>
			<z-m>-0.422</z-m>
		</center>
	</animation>

 <!-- rudderbar -->

 <animation>
  <type>rotate</type>
  <object-name>rudderbar</object-name>
  <property>controls/flight/rudder</property>
  <factor>27</factor>
  <center>
   <x-m> -0.8148</x-m>
   <y-m> 0.000</y-m>
   <z-m>-0.4003</z-m>
  </center>
  <axis>
   <x>0</x>
   <y>0</y>
   <z>1</z>
  </axis>
 </animation>


</PropertyList>