<?xml version="1.0" encoding="UTF-8"?>

<PropertyList>

  <path>compass.ac</path>

  <animation>
    <!-- Objets opaques -->
    <object-name>support</object-name>
    <object-name>fond</object-name>
    <object-name>tour</object-name>
    <object-name>face</object-name>
    <object-name>marques</object-name>

    <!-- Objets transparents -->
    <object-name>vitre</object-name>
  </animation>

  <animation>
    <type>noshadow</type>
    <object-name>vitre</object-name>
  </animation>

  <effect>
    <inherits-from>Effects/model-transparent</inherits-from>
    <condition>
      <property>sim/rendering/rembrandt/enabled</property>
    </condition>
    <object-name>vitre</object-name>
  </effect>

  <animation>
    <type>rotate</type>
    <object-name>face</object-name>
    <property>instrumentation/magnetic-compass/indicated-heading-deg</property>
    <offset-deg>90</offset-deg>
    <axis>
      <x> 0.0</x>
      <y> 0.0 </y>
      <z> 1.0 </z>
    </axis>
  </animation>

</PropertyList>

