<?xml version="1.0" encoding="UTF-8"?>

<PropertyList>


  <!-- Fuel valve -->
  <model>
    <path>Aircraft/Sopwith_Baby/Models/instruments/fuelvalve/fuel-valve.xml</path>
    <offsets>
      <x-m>  -0.732</x-m>
      <y-m>  0.14  </y-m>
      <z-m>  0.224</z-m>
      <roll-deg>    0.000 </roll-deg>
      <pitch-deg>   0.000 </pitch-deg>
      <heading-deg> 0.000 </heading-deg>
    </offsets>
  </model>

    <!-- RPM -->
  <model>
    <path>Aircraft/Sopwith_Baby/Models/instruments/tach/tach.xml</path>
    <offsets>
      <x-m>  -0.658 </x-m>
      <y-m>  0.000 </y-m>
      <z-m>  0.49 </z-m>
      <roll-deg>    0.000 </roll-deg>
      <pitch-deg>  -4.000 </pitch-deg>
      <heading-deg> 0.000 </heading-deg>
    </offsets>
  </model>

 <!-- magneto switches -->
  <model>
    <path>Aircraft/Sopwith_Baby/Models/instruments/magneto/mag_switch_1-Y.xml</path>
    <offsets>
      <x-m>  -0.658 </x-m>
      <y-m>  0.033 </y-m>
      <z-m>  0.383 </z-m>
      <roll-deg>    0.000 </roll-deg>
      <pitch-deg>   -4.000 </pitch-deg>
      <heading-deg> 0.000 </heading-deg>
    </offsets>
  </model>

  <model>
    <path>Aircraft/Sopwith_Baby/Models/instruments/magneto/mag_switch_2-Y.xml</path>
    <offsets>
      <x-m>  -0.658 </x-m>
      <y-m>  -0.033 </y-m>
      <z-m>  0.383 </z-m>
      <roll-deg>    0.000 </roll-deg>
      <pitch-deg>   -4.000 </pitch-deg>
      <heading-deg> 0.000 </heading-deg>
    </offsets>
  </model>

 <!-- throttle lever and quadrant -->
  <model>
    <path>Aircraft/Sopwith_Baby/Models/instruments/throttle/throttle.xml</path>
    <offsets>
      <x-m>  -0.5526 </x-m>
      <y-m>  -0.438 </y-m>
      <z-m>  0.0255 </z-m>
      <roll-deg>    0.000 </roll-deg>
      <pitch-deg>   0.000 </pitch-deg>
      <heading-deg> 0.000 </heading-deg>
    </offsets>
  </model>

 <!-- Altitude -->
  <model>
    <path>Aircraft/Sopwith_Baby/Models/instruments/alt/alt.xml</path>
    <offsets>
      <x-m>  -0.651 </x-m>
      <y-m>  -0.165 </y-m>
      <z-m>  0.401 </z-m>
      <roll-deg>    0.000 </roll-deg>
      <pitch-deg> -4.000 </pitch-deg>
      <heading-deg> 0.000 </heading-deg>
    </offsets>
  </model>

  <!-- Compass -->
  <model>
    <path>Aircraft/Sopwith_Baby/Models/instruments/compass/compass.xml</path>
    <offsets>
      <x-m>  -0.515 </x-m>
      <y-m> -0.375 </y-m>
      <z-m>  -0.180 </z-m>
      <roll-deg>    0.000 </roll-deg>
      <pitch-deg>   0.000 </pitch-deg>
      <heading-deg> 0.000 </heading-deg>
    </offsets>
  </model>

  <!-- ASI -->
  <model>
    <path>Aircraft/Sopwith_Baby/Models/instruments/asi/asi.xml</path>
    <offsets>
      <x-m>  -0.651 </x-m>
      <y-m>  0.17 </y-m>
      <z-m>  0.401 </z-m>
      <roll-deg>      0.000 </roll-deg>
      <pitch-deg>   -4.000 </pitch-deg>
      <heading-deg> 0.000 </heading-deg>
    </offsets>
  </model>

</PropertyList>
