<?xml version="1.0" encoding="UTF-8"?>

<PropertyList>

  <path>tach.ac</path>

<texture>
 <path>Instruments\instruments.png</path>
</texture>

  <animation>
    <object-name>fond</object-name>
    <object-name>face</object-name>
    <object-name>needle</object-name>
    <object-name>visses</object-name>

    <object-name>vitre</object-name>
  </animation>

  <animation>
    <type>noshadow</type>
    <object-name>vitre</object-name>
  </animation>

  <effect>
    <inherits-from>Effects/model-transparent</inherits-from>
    <condition>
      <property>sim/rendering/rembrandt/enabled</property>
    </condition>
    <object-name>vitre</object-name>
  </effect>
  
  <animation> 
    <type>material</type>
    <object-name>face</object-name>
    <object-name>needle</object-name>
    <emission> 
      <red>   0.75 </red>
      <green> 0.25 </green>
      <blue>  0.25 </blue>
      <factor-prop>/controls/lighting/panel-norm</factor-prop>
    </emission>
  </animation>

  <animation> 
    <type>rotate</type>
    <object-name>needle</object-name>
    <property>engines/engine/rpm</property>
    <interpolation>
    <entry><ind>    0 </ind><dep> 0 </dep></entry>
    <entry><ind> 1250 </ind><dep>  -180 </dep></entry>
    <entry><ind> 2500 </ind><dep>  -360 </dep></entry>
    </interpolation>
    <axis> 
      <x> 1 </x>
      <y> 0 </y>
      <z> 0 </z>
    </axis>
  </animation>

</PropertyList>

