<?xml version="1.0" encoding="ISO-8859-1"?>

<PropertyList>
   
  <name>lights-dlg</name>
  <layout>vbox</layout>
   
  <text>
    <label>FW-58 Light Controller</label>
  </text>
   
  <hrule />
   
  <group>
    <layout>vbox</layout>
     
    <checkbox>
      <label>Cabine Light</label>
      <property>controls/lighting/int-light</property>
      <binding>
        <command>dialog-apply</command>
      </binding>
      <binding>
        <command>property-toggle</command>
        <property>controls/switcher/int-light</property>
      </binding>
      <live>true</live>
    </checkbox>
      
    <checkbox>
      <label>Strobe</label>
      <property>controls/lighting/str-lights</property>
      <binding>
        <command>dialog-apply</command>
      </binding>
      <binding>
        <command>property-toggle</command>
        <property>controls/switcher/str</property>
      </binding>
      <live>true</live>
    </checkbox>
        
    <checkbox>
      <label>Nav-lights</label>
      <property>controls/lighting/nav-light</property>
      <binding>
        <command>dialog-apply</command>
      </binding>
      <binding>
        <command>property-toggle</command>
        <property>controls/switcher/nav-light</property>
      </binding>
      <live>true</live>
    </checkbox>
         
    <checkbox>
      <label>Beacon</label>
      <property>controls/lighting/pos-light</property>
      <binding>
        <command>dialog-apply</command>
      </binding>
      <binding>
        <command>property-toggle</command>
        <property>controls/switcher/pos-light</property>
      </binding>
      <live>true</live>
    </checkbox>
         
    <checkbox>
      <label>Land Light</label>
      <property>controls/lighting/land</property>
      <binding>
        <command>dialog-apply</command>
      </binding>
      <binding>
        <command>property-toggle</command>
        <property>controls/switcher/land</property>
      </binding>
      <live>true</live>
    </checkbox>
         
    <text>
      <label>Instruments</label>
    </text>
         
    <slider>
      <width>200</width>
      <property>controls/lighting/instruments-norm</property>
      <step>0.00005</step>
      <min>0</min>
      <max>0.22</max>
      <binding>
        <command>dialog-apply</command>
      </binding>
    </slider>
         
    <!-- 
    <text>
      <label>Cabin dimmer</label>
    </text>
       
    <slider>
      <width>200</width>
      <property>controls/lighting/panel</property>
      <step>0.05</step>
      <min>0</min>
      <max>2.5</max>
      <binding>
        <command>dialog-apply</command>
      </binding>
    </slider>
    -->
       
    <hrule />
       
    <checkbox>
      <label>Master</label>
      <binding>
        <command>dialog-apply</command>
      </binding>
      <binding>
        <command>property-toggle</command>
        <property>controls/lighting/int-light</property>
      </binding>
      <binding>
        <command>property-toggle</command>
        <property>controls/lighting/str-lights</property>
      </binding>
      <binding>
        <command>property-toggle</command>
        <property>controls/lighting/nav-light</property>
      </binding>
      <binding>
        <command>property-toggle</command>
        <property>controls/lighting/pos-light</property>
      </binding>
      <binding>
        <command>property-toggle</command>
        <property>controls/lighting/land</property>
      </binding>
      <binding>
        <command>property-toggle</command>
        <property>controls/switcher/int-light</property>
      </binding>
      <binding>
        <command>property-toggle</command>
        <property>controls/switcher/str</property>
      </binding>
      <binding>
        <command>property-toggle</command>
        <property>controls/switcher/nav-light</property>
      </binding>
      <binding>
        <command>property-toggle</command>
        <property>controls/switcher/pos-light</property>
      </binding>
      <binding>
        <command>property-toggle</command>
        <property>controls/switcher/land</property>
      </binding>           
      <live>true</live>
    </checkbox>
  </group>

  <hrule />

  <group>
    <layout>vbox</layout>
    <button>
      <legend>Close</legend>
      <default>true</default>
      <key>Esc</key>
      <padding>10</padding>
      <binding>
        <command>dialog-apply</command>
      </binding>
      <binding>
        <command>dialog-close</command>
      </binding>
    </button>
  </group>

</PropertyList>
