<?xml version="1.0" encoding="ISO-8859-1"?>

<PropertyList>

  <path>oil.ac</path>

  
    <animation>
	    <type>material</type>
    <object-name>fond</object-name>
    <object-name>visses</object-name>

    <condition>
      <property>controls/lighting/int-light</property>
    </condition>
    <emission>
      <red>   0.172 </red>
      <green> 0.160 </green>
      <blue>  0.148 </blue>
    </emission>
  </animation>   
  
  <animation>
    <object-name>fond</object-name>
    <object-name>visses</object-name>
    <object-name>panel1</object-name>
    <object-name>panel2</object-name>
    <object-name>needle</object-name>

    <object-name>vitre</object-name>
  </animation>

  <animation>
    <type>noshadow</type>
    <object-name>vitre</object-name>
  </animation>

  <animation>
    <type>shader</type>
    <shader>chrome</shader>
    <texture>Aircraft/Generic/Effects/glass_shader.png</texture>
    <object-name>vitre</object-name>
  </animation>

  <!-- working for Rembrandt -->
  <effect>
    <inherits-from>Effects/model-transparent</inherits-from>
    <condition>
      <property>sim/rendering/rembrandt/enabled</property>
    </condition>
    <object-name>vitre</object-name>
  </effect>

  <animation>
    <type>material</type>
    <object-name>panel1</object-name>
    <object-name>panel2</object-name>
    <object-name>needle</object-name>
    <emission>
      <factor-prop>/systems/electrical/outputs/instrument-lights</factor-prop>
      <red>   0.50 </red>
      <green> 0.25 </green>
      <blue>  0.25 </blue>
    </emission>
  </animation>

  <animation>
    <type>rotate</type>
    <object-name>needle</object-name>
    <property>/consumables/oil/tank[1]/level-gal_us</property>
    <interpolation>
      <entry><ind> 0 </ind><dep> 82 </dep></entry>
    </interpolation>
    <center>
      <x-m>  0.001 </x-m>
      <y-m>  0.000 </y-m>
      <z-m> -0.013 </z-m>
    </center>
    <axis>
      <x> -1 </x>
      <y>  0 </y>
      <z>  0 </z>
    </axis>
  </animation>

</PropertyList>
