<?xml version="1.0" encoding="ISO-8859-1"?>

<PropertyList>
  
  <path>landinglight.ac</path>

  <animation>
    <object-name>lampe</object-name>
    <object-name>axes</object-name>
    
    <object-name>vitre</object-name>
  </animation>

  <animation>
    <type>noshadow</type>
    <object-name>vitre</object-name>
  </animation>

  <animation>
    <type>shader</type>
    <shader>chrome</shader>
    <texture>Aircraft/Generic/Effects/glass_shader.png</texture>
    <object-name>vitre</object-name>
  </animation>

  <!-- working for Rembrandt -->
  <effect>
    <inherits-from>Effects/model-transparent</inherits-from>
    <condition>
      <property>sim/rendering/rembrandt/enabled</property>
    </condition>
    <object-name>vitre</object-name>
  </effect>

  <model>
    <path>Aircraft/Junkers-W34/Models/lights/light-cone.xml</path>
    <condition>
      <and>
        <property>controls/lighting/land</property>
        <or>
          <property>controls/electric/battery-switch</property>
          <property>engines/engine/running</property>
        </or>
      </and>
    </condition>
    <offsets>
      <pitch-deg> -7 </pitch-deg>
    </offsets>
  </model>

</PropertyList>
