<?xml version="1.0"?>

<PropertyList>

    <path>dc4.ac</path>

    <nasal>
        <load>
            var livery_update = aircraft.livery_update.new("Aircraft/dc4/Models/Liveries",10);
        </load>

        <unload>
            livery_update.stop();
        </unload>
    </nasal>

    <animation>
      <type>material</type>
      <object-name>Fuselage</object-name>
   <object-name>prop1</object-name>
   <object-name>prop2</object-name>
   <object-name>prop3</object-name>
   <object-name>prop4</object-name>   <object-name>Nacelle1</object-name>
      <object-name>Cflap1.1</object-name>
      <object-name>Cflap1.2</object-name>
      <object-name>Cflap1.3</object-name>
      <object-name>Cflap1.4</object-name>
      <object-name>Cflap1.5</object-name>
      <object-name>Cflap1.6</object-name>
      <object-name>Cflap1.7</object-name>
      <object-name>Cflap1.8</object-name>

      <object-name>Nacelle2</object-name>
      <object-name>Cflap2.1</object-name>
      <object-name>Cflap2.2</object-name>
      <object-name>Cflap2.3</object-name>
      <object-name>Cflap2.4</object-name>
      <object-name>Cflap2.5</object-name>
      <object-name>Cflap2.6</object-name>
      <object-name>Cflap2.7</object-name>
      <object-name>Cflap2.8</object-name>

      <object-name>Nacelle3</object-name>
      <object-name>Cflap3.1</object-name>
      <object-name>Cflap3.2</object-name>
      <object-name>Cflap3.3</object-name>
      <object-name>Cflap3.4</object-name>
      <object-name>Cflap3.5</object-name>
      <object-name>Cflap3.6</object-name>
      <object-name>Cflap3.7</object-name>
      <object-name>Cflap3.8</object-name>

      <object-name>Nacelle4</object-name>
      <object-name>Cflap4.1</object-name>
      <object-name>Cflap4.2</object-name>
      <object-name>Cflap4.3</object-name>
      <object-name>Cflap4.4</object-name>
      <object-name>Cflap4.5</object-name>
      <object-name>Cflap4.6</object-name>
      <object-name>Cflap4.7</object-name>
      <object-name>Cflap4.8</object-name>

      <object-name>LHwing</object-name>
      <object-name>LHaileron</object-name>
      <object-name>LHflap</object-name>
      <object-name>RHwing</object-name>
      <object-name>RHaileron</object-name>
      <object-name>RHflap</object-name>

      <object-name>HStab</object-name>
      <object-name>LHelevator</object-name>
      <object-name>RHelevator</object-name>
      <object-name>VStab</object-name>
      <object-name>Rudder</object-name>

      <object-name>RHfrt.grdoor</object-name>
      <object-name>LHfrt.grdoor</object-name>

      <property-base>sim/model/livery</property-base>
      <texture-prop>texture</texture-prop>
      <texture>paint1.png</texture>
    </animation>

    <animation>
        <type>shader</type>
        <shader>chrome</shader>
        <texture>Aircraft/dc4/Models/chrome1.png</texture>
        <object-name>Glass</object-name>
    </animation>

    <animation>
        <type>shader</type>
        <shader>chrome</shader>
        <texture>Aircraft/dc4/Models/chrome2.png</texture>

        <object-name>FrtShock</object-name>
        <object-name>RHShock</object-name>
        <object-name>LHShock</object-name>
        <object-name>RHram</object-name>
        <object-name>LHram</object-name>
    </animation>

    <model>
        <name>flightdeck</name>
        <path>Aircraft/dc4/Models/flightdeck.xml</path>
        <offsets>
            <x-m>0</x-m>
            <y-m>0</y-m>
            <z-m>0</z-m>
            <pitch-deg>0.0</pitch-deg>
        </offsets>
    </model>

    <model>
        <name>flightdeckLight</name>
        <path>Aircraft/dc4/Models/Lights/flightdeck-light.xml</path>
        <offsets>
            <x-m>0</x-m>
            <y-m>0</y-m>
            <z-m>0</z-m>
            <pitch-deg>0.0</pitch-deg>
        </offsets>
    </model>

    <model>
        <name>ExtLight</name>
        <path>Aircraft/dc4/Models/Lights/lights.xml</path>
        <offsets>
            <x-m>0</x-m>
            <y-m>0</y-m>
            <z-m>0</z-m>
            <pitch-deg>0.0</pitch-deg>
        </offsets>
    </model>

    <model>
        <name>cabin</name>
        <path>Aircraft/dc4/Models/cabin.xml</path>
        <offsets>
            <x-m>0</x-m>
            <y-m>0</y-m>
            <z-m>0</z-m>
            <pitch-deg>0.0</pitch-deg>
        </offsets>
    </model>

    <animation>
        <type>range</type>
        <object-name>cabin</object-name>
        <min-m>0</min-m>
        <max-m>100</max-m>
    </animation>

    <animation>
        <type>range</type>
        <object-name>flightdeck</object-name>
        <min-m>0</min-m>
        <max-m>100</max-m>
    </animation>

    <!-- shadow -->
    <model>
      <name>New-Shadow</name>
      <path>Aircraft/dc4/Models/shadow.xml</path>
      <offsets>
        <x-m>0</x-m>
        <y-m>0</y-m>
        <z-m>0</z-m>
        <pitch-deg>0</pitch-deg>
      </offsets>
    </model>

    <animation>
        <type>select</type>
        <object-name>New-Shadow</object-name>
        <condition>
            <not>
                <property>sim/rendering/rembrandt/enabled</property>
            </not>
        </condition>
    </animation>

<!--Engines-->
<!-- ENG 1-->
    <animation>
        <type>select</type>
        <object-name>prop1</object-name>
        <condition>
            <less-than>
                <property>engines/engine[0]/rpm</property>
                <value>300.000</value>
            </less-than>
        </condition>
    </animation>

    <animation>
        <type>spin</type>
        <object-name>prop1</object-name>
        <object-name>Spinner1</object-name>
        <property>engines/engine[0]/rpm</property>
        <center>
            <x-m>-4.460</x-m>
            <y-m>-8.080</y-m>
            <z-m>0.265</z-m>
        </center>
        <axis>
            <x>-1</x>
            <y>0</y>
            <z>0</z>
        </axis>
    </animation>

    <animation>
        <type>select</type>
        <object-name>propblur1</object-name>
        <condition>
            <greater-than>
                <property>engines/engine[0]/rpm</property>
                <value>299.999</value>
            </greater-than>
            <less-than>
                <property>engines/engine[0]/rpm</property>
                <value>700</value>
            </less-than>
        </condition>
    </animation>

    <animation>
        <type>spin</type>
        <object-name>propblur1</object-name>
        <property>engines/engine[0]/rpm</property>
        <center>
           <x-m>-4.460</x-m>
            <y-m>-8.080</y-m>
            <z-m>0.265</z-m>
        </center>
        <axis>
            <x>-1</x>
            <y>0</y>
            <z>0</z>
        </axis>
    </animation>

    <animation>
        <type>select</type>
        <object-name>Pdisc1</object-name>
        <condition>
            <greater-than>
                <property>engines/engine[0]/rpm</property>
                <value>699.999</value>
            </greater-than>
        </condition>
    </animation>

<!-- ENG 2-->
    <animation>
        <type>select</type>
        <object-name>prop2</object-name>
        <condition>
            <less-than>
                <property>engines/engine[1]/rpm</property>
                <value>300</value>
            </less-than>
        </condition>
    </animation>

    <animation>
        <type>spin</type>
        <object-name>prop2</object-name>
        <object-name>Spinner2</object-name>
        <property>engines/engine[1]/rpm</property>
        <center>
            <x-m>-5.325</x-m>
            <y-m>-3.855</y-m>
            <z-m>-0.080</z-m>
        </center>
        <axis>
            <x>-1</x>
            <y>0</y>
            <z>0</z>
        </axis>
    </animation>

    <animation>
        <type>select</type>
        <object-name>propblur2</object-name>
        <condition>
            <greater-than>
                <property>engines/engine[1]/rpm</property>
                <value>299.999</value>
            </greater-than>
            <less-than>
                <property>engines/engine[1]/rpm</property>
                <value>700</value>
            </less-than>
        </condition>
    </animation>

    <animation>
        <type>spin</type>
        <object-name>propblur2</object-name>
        <property>engines/engine[1]/rpm</property>
        <center>
            <x-m>-5.325</x-m>
            <y-m>-3.855</y-m>
            <z-m>-0.080</z-m>
        </center>
        <axis>
            <x>-1</x>
            <y>0</y>
            <z>0</z>
        </axis>
    </animation>

    <animation>
        <type>select</type>
        <object-name>Pdisc2</object-name>
        <condition>
            <greater-than>
                <property>engines/engine[1]/rpm</property>
                <value>699.999</value>
            </greater-than>
        </condition>
    </animation>

<!-- ENG 3-->
    <animation>
        <type>select</type>
        <object-name>prop3</object-name>
        <condition>
            <less-than>
                <property>engines/engine[2]/rpm</property>
                <value>300</value>
            </less-than>
        </condition>
    </animation>

    <animation>
        <type>spin</type>
        <object-name>prop3</object-name>
        <object-name>Spinner3</object-name>
        <property>engines/engine[2]/rpm</property>
        <center>
            <x-m>-5.325</x-m>
            <y-m>3.855</y-m>
            <z-m>-0.080</z-m>
        </center>
        <axis>
            <x>-1</x>
            <y>0</y>
            <z>0</z>
        </axis>
    </animation>

    <animation>
        <type>select</type>
        <object-name>propblur3</object-name>
        <condition>
            <greater-than>
                <property>engines/engine[2]/rpm</property>
                <value>299.999</value>
            </greater-than>
            <less-than>
                <property>engines/engine[2]/rpm</property>
                <value>700</value>
            </less-than>
        </condition>
    </animation>

    <animation>
        <type>spin</type>
        <object-name>propblur3</object-name>
        <property>engines/engine[2]/rpm</property>
        <center>
            <x-m>-5.325</x-m>
            <y-m>3.855</y-m>
            <z-m>-0.080</z-m>
        </center>
        <axis>
            <x>-1</x>
            <y>0</y>
            <z>0</z>
        </axis>
    </animation>

    <animation>
        <type>select</type>
        <object-name>Pdisc3</object-name>
        <condition>
            <greater-than>
                <property>engines/engine[2]/rpm</property>
                <value>699.999</value>
            </greater-than>
        </condition>
    </animation>

<!-- ENG 4-->
    <animation>
        <type>select</type>
        <object-name>prop4</object-name>
        <condition>
            <less-than>
                <property>engines/engine[3]/rpm</property>
                <value>300</value>
            </less-than>
        </condition>
    </animation>

    <animation>
        <type>spin</type>
        <object-name>prop4</object-name>
        <object-name>Spinner4</object-name>
        <property>engines/engine[3]/rpm</property>
        <center>
            <x-m>-4.460</x-m>
            <y-m>8.080</y-m>
            <z-m>0.265</z-m>
        </center>
        <axis>
            <x>-1</x>
            <y>0</y>
            <z>0</z>
        </axis>
    </animation>

    <animation>
        <type>select</type>
        <object-name>propblur4</object-name>
        <condition>
            <greater-than>
                <property>engines/engine[3]/rpm</property>
                <value>299.999</value>
            </greater-than>
            <less-than>
                <property>engines/engine[3]/rpm</property>
                <value>700</value>
            </less-than>
        </condition>
    </animation>

    <animation>
        <type>spin</type>
        <object-name>propblur4</object-name>
        <property>engines/engine[3]/rpm</property>
        <center>
            <x-m>-4.460</x-m>
            <y-m>8.080</y-m>
            <z-m>0.265</z-m>
        </center>
        <axis>
            <x>-1</x>
            <y>0</y>
            <z>0</z>
        </axis>
    </animation>

    <animation>
        <type>select</type>
        <object-name>Pdisc4</object-name>
        <condition>
            <greater-than>
                <property>engines/engine[3]/rpm</property>
                <value>699.999</value>
            </greater-than>
        </condition>
    </animation>

<!--Control Surfaces-->
<!--JSBSIM-->
    <animation>
        <type>rotate</type>
        <condition>
            <equals>
                <property>sim/flight-model</property>
                <value>jsb</value>
            </equals>
        </condition>
        <object-name>Rudder</object-name>
        <property>fdm/jsbsim/fcs/rudder-pos-deg</property>
        <axis>
            <x1-m>15.141</x1-m>
            <y1-m>0</y1-m>
            <z1-m>5.565</z1-m>
            <x2-m>14.970</x2-m>
            <y2-m>0</y2-m>
            <z2-m>1.716</z2-m>
        </axis>
    </animation>

    <animation>
        <type>rotate</type>
        <condition>
            <equals>
                <property>sim/flight-model</property>
                <value>jsb</value>
            </equals>
        </condition>
        <object-name>RHelevator</object-name>
        <property>fdm/jsbsim/fcs/elevator-pos-deg</property>
        <axis>
            <x1-m>15.032</x1-m>
            <y1-m>1.218</y1-m>
            <z1-m>0.617</z1-m>
            <x2-m>15.175</x2-m>
            <y2-m>6.777</y2-m>
            <z2-m>0.617</z2-m>
        </axis>
    </animation>

    <animation>
        <type>rotate</type>
        <condition>
            <equals>
                <property>sim/flight-model</property>
                <value>jsb</value>
            </equals>
        </condition>
        <object-name>LHelevator</object-name>
        <property>fdm/jsbsim/fcs/elevator-pos-deg</property>
        <axis>
            <x1-m>15.175</x1-m>
            <y1-m>-6.777</y1-m>
            <z1-m>0.617</z1-m>
            <x2-m>15.032</x2-m>
            <y2-m>-1.218</y2-m>
            <z2-m>0.617</z2-m>
        </axis>
    </animation>

    <animation>
        <type>rotate</type>
        <condition>
            <equals>
                <property>sim/flight-model</property>
                <value>jsb</value>
            </equals>
        </condition>
        <object-name>LHflap</object-name>
        <property>fdm/jsbsim/fcs/flap-pos-deg</property>
           <center>
            <x-m>2.251</x-m>
            <y-m>-2.254</y-m>
            <z-m>-0.509</z-m>
        </center>
        <axis>
            <x>0.090</x>
            <y>0.989</y>
            <z>-0.121</z>
        </axis>
    </animation>

    <animation>
        <type>rotate</type>
        <condition>
            <equals>
                <property>sim/flight-model</property>
                <value>jsb</value>
            </equals>
        </condition>
        <object-name>RHflap</object-name>
        <property>fdm/jsbsim/fcs/flap-pos-deg</property>
        <center>
            <x-m>2.251</x-m>
            <y-m>2.254</y-m>
            <z-m>-0.509</z-m>
        </center>
        <axis>
            <x>-0.090</x>
            <y>0.989</y>
            <z>0.121</z>
        </axis>
    </animation>

    <animation>
        <type>rotate</type>
        <condition>
            <equals>
                <property>sim/flight-model</property>
                <value>jsb</value>
            </equals>
        </condition>
        <object-name>LHaileron</object-name>
        <property>fdm/jsbsim/fcs/left-aileron-pos-deg</property>
        <center>
            <x-m>1.128</x-m>
            <y-m>-10.642</y-m>
            <z-m>0.533</z-m>
        </center>
        <axis>
            <x>0.075</x>
            <y>0.990</y>
            <z>-0.116</z>
        </axis>
    </animation>

    <animation>
        <type>rotate</type>
        <condition>
            <equals>
                <property>sim/flight-model</property>
                <value>jsb</value>
            </equals>
        </condition>
        <object-name>RHaileron</object-name>
        <property>fdm/jsbsim/fcs/right-aileron-pos-deg</property>
    <center>
            <x-m>1.128</x-m>
            <y-m>10.642</y-m>
            <z-m>0.533</z-m>
        </center>
        <axis>
            <x>0.075</x>
            <y>-0.990</y>
            <z>-0.116</z>
        </axis>
    </animation>

<!--YASIM-->
    <animation>
        <type>rotate</type>
        <condition>
            <equals>
                <property>sim/flight-model</property>
                <value>yasim</value>
            </equals>
        </condition>
        <object-name>Rudder</object-name>
        <property>surface-positions/rudder-pos-norm</property>
        <factor>15</factor>
        <axis>
            <x1-m>15.141</x1-m>
            <y1-m>0</y1-m>
            <z1-m>5.565</z1-m>
            <x2-m>14.970</x2-m>
            <y2-m>0</y2-m>
            <z2-m>1.716</z2-m>
        </axis>
    </animation>

    <animation>
        <type>rotate</type>
        <condition>
            <equals>
                <property>sim/flight-model</property>
                <value>yasim</value>
            </equals>
        </condition>
        <object-name>RHelevator</object-name>
        <property>surface-positions/elevator-pos-norm</property>
        <factor>12</factor>
        <axis>
            <x1-m>15.032</x1-m>
            <y1-m>1.218</y1-m>
            <z1-m>0.617</z1-m>
            <x2-m>15.175</x2-m>
            <y2-m>6.777</y2-m>
            <z2-m>0.617</z2-m>
        </axis>
    </animation>

    <animation>
        <type>rotate</type>
        <condition>
            <equals>
                <property>sim/flight-model</property>
                <value>yasim</value>
            </equals>
        </condition>
        <object-name>LHelevator</object-name>
        <property>surface-positions/elevator-pos-norm</property>
        <factor>12</factor>
        <axis>
            <x1-m>15.175</x1-m>
            <y1-m>-6.777</y1-m>
            <z1-m>0.617</z1-m>
            <x2-m>15.032</x2-m>
            <y2-m>-1.218</y2-m>
            <z2-m>0.617</z2-m>
        </axis>
    </animation>

    <animation>
        <type>rotate</type>
        <condition>
            <equals>
                <property>sim/flight-model</property>
                <value>yasim</value>
            </equals>
        </condition>
        <object-name>LHflap</object-name>
        <property>surface-positions/flap-pos-norm</property>
        <factor>50</factor>
           <center>
            <x-m>2.251</x-m>
            <y-m>-2.254</y-m>
            <z-m>-0.509</z-m>
        </center>
        <axis>
            <x>0.090</x>
            <y>0.989</y>
            <z>-0.121</z>
        </axis>
    </animation>

    <animation>
        <type>rotate</type>
        <condition>
            <equals>
                <property>sim/flight-model</property>
                <value>yasim</value>
            </equals>
        </condition>
        <object-name>RHflap</object-name>
        <property>surface-positions/flap-pos-norm</property>
        <factor>50</factor>
        <center>
            <x-m>2.251</x-m>
            <y-m>2.254</y-m>
            <z-m>-0.509</z-m>
        </center>
        <axis>
            <x>-0.090</x>
            <y>0.989</y>
            <z>0.121</z>
        </axis>
    </animation>

    <animation>
        <type>rotate</type>
        <condition>
            <equals>
                <property>sim/flight-model</property>
                <value>yasim</value>
            </equals>
        </condition>
        <object-name>LHaileron</object-name>
        <property>surface-positions/left-aileron-pos-norm</property>
        <factor>15</factor>
        <center>
            <x-m>1.128</x-m>
            <y-m>-10.642</y-m>
            <z-m>0.533</z-m>
        </center>
        <axis>
            <x>0.075</x>
            <y>0.990</y>
            <z>-0.116</z>
        </axis>
    </animation>

    <animation>
        <type>rotate</type>
        <condition>
            <equals>
                <property>sim/flight-model</property>
                <value>yasim</value>
            </equals>
        </condition>
        <object-name>RHaileron</object-name>
        <property>surface-positions/right-aileron-pos-norm</property>
        <factor>-15</factor>
    <center>
            <x-m>1.128</x-m>
            <y-m>10.642</y-m>
            <z-m>0.533</z-m>
        </center>
        <axis>
            <x>0.075</x>
            <y>-0.990</y>
            <z>-0.116</z>
        </axis>
    </animation>

<!--   GEAR -->
<!-- FRONT-->
    <animation>
        <type>rotate</type>
        <object-name>LHfrt.grdoor</object-name>
        <property>gear/gear[0]/position-norm</property>
        <interpolation>
            <entry>
                <ind>0.0</ind><dep>0.0</dep>
            </entry>
            <entry>
                <ind>0.3</ind><dep>-90.0</dep>
            </entry>
            <entry>
                <ind>1.0</ind><dep>-90.0</dep>
            </entry>
        </interpolation>
        <center>
            <x-m>-11.234</x-m>
            <y-m>-0.336</y-m>
            <z-m>-0.534</z-m>
        </center>
        <axis>
            <x>0.978</x>
            <y>-0.043</y>
            <z>-0.203</z>
        </axis>
    </animation>

    <animation>
        <type>rotate</type>
        <object-name>RHfrt.grdoor</object-name>
        <property>gear/gear[0]/position-norm</property>
        <interpolation>
            <entry>
                <ind>0.0</ind><dep>0.0</dep>
            </entry>
            <entry>
                <ind>0.3</ind><dep>90.0</dep>
            </entry>
            <entry>
                <ind>1.0</ind><dep>90.0</dep>
            </entry>
        </interpolation>
        <center>
            <x-m>-11.234</x-m>
            <y-m>0.336</y-m>
            <z-m>-0.534</z-m>
        </center>
        <axis>
            <x>0.978</x>
            <y>0.043</y>
            <z>-0.203</z>
        </axis>
    </animation>

    <animation>
        <type>rotate</type>
        <object-name>FrtWheel</object-name>
        <object-name>FrtShock</object-name>
        <object-name>FrtStrut</object-name>
        <property>gear/gear[0]/position-norm</property>
        <interpolation>
            <entry>
                <ind>0.0</ind><dep>95.0</dep>
            </entry>
            <entry>
                <ind>0.3</ind><dep>95.0</dep>
            </entry>
            <entry>
                <ind>1.0</ind><dep>0.0</dep>
            </entry>
        </interpolation>
        <center>
            <x-m>-8.916</x-m>
            <y-m>0</y-m>
            <z-m>-0.816</z-m>
        </center>
        <axis>
            <x>0</x>
            <y>1</y>
            <z>0</z>
        </axis>
    </animation>

    <animation>
        <type>translate</type>
        <object-name>FrtWheel</object-name>
        <object-name>FrtShock</object-name>
        <property>gear/gear[0]/compression-norm</property>
        <factor>0.3</factor>
        <axis>
            <x>0.259</x>
            <y>0</y>
            <z>0.966</z>
        </axis>
        <center>
            <x-m>-8.916</x-m>
            <y-m>0</y-m>
            <z-m>-0.816</z-m>
        </center>
    </animation>

    <animation>
        <type>rotate</type>
        <object-name>FrtWheel</object-name>
        <object-name>FrtShock</object-name>
        <property>gear/gear[0]/steering-norm</property>
        <factor>30</factor>
        <center>
            <x-m>-8.916</x-m>
            <y-m>0</y-m>
            <z-m>-0.816</z-m>
        </center>
        <axis>
             <x>-0.259</x>
            <y>0</y>
            <z>-0.966</z>
        </axis>
    </animation>

    <animation>
        <type>spin</type>
        <object-name>FrtWheel</object-name>
        <property>gear/gear[0]/tire-rpm</property>
        <center>
            <x-m>-9.383</x-m>
            <y-m>0</y-m>
            <z-m>-2.561</z-m>
        </center>
        <axis>
            <x>0.0</x>
            <y>-1</y>
            <z>0</z>
        </axis>
    </animation>

<!-- LEFT-->

    <animation>
        <type>rotate</type>
        <object-name>LHWheel</object-name>
        <object-name>LHShock</object-name>
        <object-name>LHStrut</object-name>
        <object-name>LHram</object-name>
        <property>gear/gear[1]/position-norm</property>
        <interpolation>
            <entry>
                <ind>0.0</ind><dep>100.0</dep>
            </entry>
            <entry>
                <ind>1</ind><dep>0.0</dep>
            </entry>
        </interpolation>
        <center>
            <x-m>0.253</x-m>
            <y-m>-3.855</y-m>
            <z-m>-0.628</z-m>
        </center>
        <axis>
            <x>0</x>
            <y>1</y>
            <z>0</z>
        </axis>
    </animation>

    <animation>
        <type>rotate</type>
        <object-name>LHram</object-name>
        <property>gear/gear[1]/position-norm</property>
        <interpolation>
            <entry>
                <ind>0.0</ind><dep>140.0</dep>
            </entry>
            <entry>
                <ind>1</ind><dep>0.0</dep>
            </entry>
        </interpolation>
        <center>
            <x-m>0.253</x-m>
            <y-m>-3.855</y-m>
            <z-m>-2.398</z-m>
        </center>
        <axis>
            <x>0</x>
            <y>-1</y>
            <z>0</z>
        </axis>
    </animation>

    <animation>
        <type>translate</type>
        <object-name>LHWheel</object-name>
        <object-name>LHShock</object-name>
        <object-name>LHram</object-name>
        <property>gear/gear[1]/compression-norm</property>
        <factor>0.3</factor>
        <axis>
            <x>0.0</x>
            <y>0</y>
            <z>1.0</z>
        </axis>
    </animation>

    <animation>
        <type>spin</type>
        <object-name>LHWheel</object-name>
        <property>gear/gear[1]/tire-rpm</property>
        <center>
            <x-m>0.253</x-m>
            <y-m>-3.855</y-m>
            <z-m>-2.398</z-m>
        </center>
        <axis>
            <x>0.0</x>
            <y>-1</y>
            <z>0</z>
        </axis>
    </animation>

<!-- RIGHT-->

    <animation>
        <type>rotate</type>
        <object-name>RHWheel</object-name>
        <object-name>RHShock</object-name>
        <object-name>RHStrut</object-name>
        <object-name>RHram</object-name>
        <property>gear/gear[2]/position-norm</property>
        <interpolation>
            <entry>
                <ind>0.0</ind><dep>100.0</dep>
            </entry>
            <entry>
                <ind>1</ind><dep>0.0</dep>
            </entry>
        </interpolation>
        <center>
            <x-m>0.253</x-m>
            <y-m>3.855</y-m>
            <z-m>-0.628</z-m>
        </center>
        <axis>
            <x>0</x>
            <y>1</y>
            <z>0</z>
        </axis>
    </animation>

    <animation>
        <type>rotate</type>
        <object-name>RHram</object-name>
        <property>gear/gear[2]/position-norm</property>
        <interpolation>
            <entry>
                <ind>0.0</ind><dep>140.0</dep>
            </entry>
            <entry>
                <ind>1</ind><dep>0.0</dep>
            </entry>
        </interpolation>
        <center>
            <x-m>0.253</x-m>
            <y-m>3.855</y-m>
            <z-m>-2.398</z-m>
        </center>
        <axis>
            <x>0</x>
            <y>-1</y>
            <z>0</z>
        </axis>
    </animation>

    <animation>
        <type>translate</type>
        <object-name>RHWheel</object-name>
        <object-name>RHShock</object-name>
        <object-name>RHram</object-name>
        <property>gear/gear[2]/compression-norm</property>
        <factor>0.3</factor>
        <axis>
            <x>0.0</x>
            <y>0</y>
            <z>1.0</z>
        </axis>
    </animation>

    <animation>
        <type>spin</type>
        <object-name>RHWheel</object-name>
        <property>gear/gear[2]/tire-rpm</property>
        <center>
            <x-m>0.253</x-m>
            <y-m>3.855</y-m>
            <z-m>-2.398</z-m>
        </center>
        <axis>
            <x>0.0</x>
            <y>-1</y>
            <z>0</z>
        </axis>
    </animation>   <model>
        <name>r20001</name>
        <path>Aircraft/dc4/Models/Engines/r2000.xml</path>
        <offsets>
            <x-m>-4.11519</x-m>
            <y-m>-8.07951</y-m>
            <z-m>0.26487</z-m>
            <pitch-deg>0.0</pitch-deg>
        </offsets>
    </model>   <model>
        <name>r20002</name>
        <path>Aircraft/dc4/Models/Engines/r2000.xml</path>
        <offsets>
            <x-m>-4.98048</x-m>
            <y-m>-3.85458</y-m>
            <z-m>-0.08029</z-m>
            <pitch-deg>0.0</pitch-deg>
        </offsets>
    </model>   <model>
        <name>r20003</name>
        <path>Aircraft/dc4/Models/Engines/r2000.xml</path>
        <offsets>
            <x-m>-4.98048</x-m>
            <y-m>3.85500</y-m>
            <z-m>-0.08029</z-m>
            <pitch-deg>0.0</pitch-deg>
        </offsets>
    </model>   <model>
        <name>r20004</name>
        <path>Aircraft/dc4/Models/Engines/r2000.xml</path>
        <offsets>
            <x-m>-4.11519</x-m>
            <y-m>8.08000</y-m>
            <z-m>0.26487</z-m>
            <pitch-deg>0.0</pitch-deg>
        </offsets>
    </model>

</PropertyList>
