<?xml version="1.0"?>

<PropertyList>

<path>altimeter.ac</path>

    <animation>
        <type>material</type>
        <object-name>ALTface</object-name>
        <object-name>ALT100</object-name>
        <object-name>ALT1000</object-name>
        <object-name>ALT10000</object-name>
        <object-name>ALT.FacePressure</object-name>
        <emission>
            <red>0.8</red>
            <green>0.4</green>
            <blue>0.2</blue>
            <factor-prop>/systems/electrical/outputs/instrument-lights-norm</factor-prop>
        </emission>
    </animation>

    <animation>
        <type>rotate</type>
        <object-name>ALT100</object-name>
        <property>/instrumentation/altimeter/indicated-altitude-ft</property>
        <factor>0.36</factor>
        <axis>
            <x>-1</x>
            <y>0</y>
            <z>0</z>
        </axis>
        <center>
            <x-m>0</x-m>
            <y-m>0</y-m>
            <z-m>0</z-m>
        </center>
    </animation>

    <animation>
        <type>rotate</type>
        <object-name>ALT1000</object-name>
        <property>/instrumentation/altimeter/indicated-altitude-ft</property>
        <factor>0.036</factor>
        <axis>
            <x>-1</x>
            <y>0</y>
            <z>0</z>
        </axis>
        <center>
            <x-m>0</x-m>
            <y-m>0</y-m>
            <z-m>0</z-m>
        </center>
    </animation>

    <animation>
        <type>rotate</type>
        <object-name>ALT10000</object-name>
        <property>/instrumentation/altimeter/indicated-altitude-ft</property>
        <factor>0.0036</factor>
        <axis>
            <x>-1</x>
            <y>0</y>
            <z>0</z>
        </axis>
        <center>
            <x-m>0</x-m>
            <y-m>0</y-m>
            <z-m>0</z-m>
        </center>
    </animation>

    <animation>
      <type>rotate</type>
      <object-name>ALT.FacePressure</object-name>
      <property>/instrumentation/altimeter/setting-inhg</property>
      <interpolation>
        <entry><ind>  28</ind><dep>-200</dep></entry>
        <entry><ind>  30</ind><dep>   0</dep></entry>
        <entry><ind>31.3</ind><dep> 130</dep></entry>
      </interpolation>
      <axis>
        <x>1</x>
        <y>0</y>
        <z>0</z>
      </axis>
    </animation>

<!-- Hotspots -->

    <animation>
        <type>pick</type>
        <object-name>inhg.knob</object-name>
        <action>
            <button>0</button>
            <repeatable>true</repeatable>
            <interval-sec>0.2</interval-sec>
            <binding>
            <command>property-adjust</command>
            <property>instrumentation/altimeter/setting-inhg</property>
            <step>0.01</step>
            <min>26.0</min>
            <max>33.0</max>
            <wrap>false</wrap>
            </binding>
        </action>
    </animation>

    <animation>
        <type>pick</type>
        <object-name>inhg.knob</object-name>
        <action>
            <button>1</button>
            <repeatable>true</repeatable>
            <interval-sec>0.2</interval-sec>
            <binding>
            <command>property-adjust</command>
            <property>instrumentation/altimeter/setting-inhg</property>
            <step>-0.01</step>
            <min>26.0</min>
            <max>33.0</max>
            <wrap>false</wrap>
            </binding>
        </action>
    </animation>

    <animation>
        <type>pick</type>
        <object-name>inhg.knob</object-name>
        <action>
            <button>3</button>
            <repeatable>true</repeatable>
            <interval-sec>0.2</interval-sec>
            <binding>
            <command>property-adjust</command>
            <property>instrumentation/altimeter/setting-inhg</property>
            <step>0.01</step>
            <min>26.0</min>
            <max>33.0</max>
            <wrap>false</wrap>
            </binding>
        </action>
    </animation>

    <animation>
        <type>pick</type>
        <object-name>inhg.knob</object-name>
        <action>
            <button>4</button>
            <repeatable>true</repeatable>
            <interval-sec>0.2</interval-sec>
            <binding>
            <command>property-adjust</command>
            <property>instrumentation/altimeter/setting-inhg</property>
            <step>-0.01</step>
            <min>26.0</min>
            <max>33.0</max>
            <wrap>false</wrap>
            </binding>
        </action>
    </animation>

</PropertyList>
