<?xml version="1.0"?>

<PropertyList>

<path>dir-gyro.ac</path>

    <animation>
        <type>material</type>
        <object-name>HDGpointer</object-name>
        <object-name>HDGneedle</object-name>
        <object-name>HDG</object-name>
        <emission>
            <red>0.8</red>
            <green>0.4</green>
            <blue>0.2</blue>
            <factor-prop>/systems/electrical/outputs/instrument-lights-norm</factor-prop>
        </emission>
    </animation>

    <animation>
        <type>rotate</type>
        <object-name>HDGneedle</object-name>
        <property>/instrumentation/heading-indicator/indicated-heading-deg</property>
        <axis>
            <x>1.0</x>
            <y>0.0</y>
            <z>0.0</z>
        </axis>
    </animation>

    <animation>
      <type>rotate</type>
      <object-name>HDG</object-name>
      <property>/autopilot/settings/heading-bug-deg</property>
      <axis>
        <x>-1</x>
        <y>0</y>
        <z>0</z>
      </axis>
    </animation>

    <animation>
      <type>rotate</type>
      <object-name>HDG</object-name>
      <property>/instrumentation/heading-indicator/indicated-heading-deg</property>
      <factor>-1</factor>
      <axis>
        <x>-1</x>
        <y>0</y>
        <z>0</z>
      </axis>
    </animation>

<!-- Hotspots -->

    <animation>
        <type>pick</type>
        <object-name>hdg.knob</object-name>
        <action>
            <button>0</button>
            <repeatable>true</repeatable>
            <interval-sec>0.2</interval-sec>
            <binding>
                <command>property-adjust</command>
                <property>instrumentation/heading-indicator/offset-deg</property>
                <step>1</step>
                <min>-45.0</min>
                <max>45.0</max>
                <wrap>false</wrap>
            </binding>
        </action>
        <action>
            <button>1</button>
            <repeatable>true</repeatable>
            <interval-sec>0.2</interval-sec>
            <binding>
                <command>property-adjust</command>
                <property>instrumentation/heading-indicator/offset-deg</property>
                <step>-1</step>
                <min>-45.0</min>
                <max>45.0</max>
                <wrap>false</wrap>
            </binding>
        </action>
        <action>
            <button>3</button>
            <repeatable>true</repeatable>
            <interval-sec>0.2</interval-sec>
            <binding>
                <command>property-adjust</command>
                <property>instrumentation/heading-indicator/offset-deg</property>
                <step>1</step>
                <min>-45.0</min>
                <max>45.0</max>
                <wrap>false</wrap>
            </binding>
        </action>
        <action>
            <button>4</button>
            <repeatable>true</repeatable>
            <interval-sec>0.2</interval-sec>
            <binding>
                <command>property-adjust</command>
                <property>instrumentation/heading-indicator/offset-deg</property>
                <step>-1</step>
                <min>-45.0</min>
                <max>45.0</max>
                <wrap>false</wrap>
            </binding>
        </action>
    </animation>

    <animation>
        <type>pick</type>
        <object-name>HDGbugknob</object-name>
        <object-name>HDGneedle</object-name>
        <action>
            <button>0</button>
            <repeatable>true</repeatable>
            <interval-sec>0.2</interval-sec>
            <binding>
                <condition>
                    <not>
                        <property>devices/status/keyboard/shift</property>
                    </not>
                </condition>
                <command>property-adjust</command>
                <property>/autopilot/settings/heading-bug-deg</property>
                <step>1</step>
                <min>0</min>
                <max>360</max>
                <wrap>true</wrap>
            </binding>
            <binding>
                <condition>
                    <property>devices/status/keyboard/shift</property>
                </condition>
                <command>property-adjust</command>
                <property>/autopilot/settings/heading-bug-deg</property>
                <step>10</step>
                <min>0</min>
                <max>360</max>
                <wrap>true</wrap>
            </binding>
        </action>
        <action>
            <button>1</button>
            <repeatable>true</repeatable>
            <binding>
                <condition>
                    <not>
                        <property>devices/status/keyboard/shift</property>
                    </not>
                </condition>
                <command>property-adjust</command>
                <property>/autopilot/settings/heading-bug-deg</property>
                <step>-1</step>
                <min>0</min>
                <max>360</max>
                <wrap>true</wrap>
            </binding>
            <binding>
                <condition>
                    <property>devices/status/keyboard/shift</property>
                </condition>
                <command>property-adjust</command>
                <property>/autopilot/settings/heading-bug-deg</property>
                <step>-10</step>
                <min>0</min>
                <max>360</max>
                <wrap>true</wrap>
            </binding>
        </action>
        <action>
            <button>3</button>
            <repeatable>true</repeatable>
            <binding>
                <condition>
                    <not>
                        <property>devices/status/keyboard/shift</property>
                    </not>
                </condition>
                <command>property-adjust</command>
                <property>/autopilot/settings/heading-bug-deg</property>
                <step>1</step>
                <min>0</min>
                <max>360</max>
                <wrap>true</wrap>
            </binding>
            <binding>
                <condition>
                    <property>devices/status/keyboard/shift</property>
                </condition>
                <command>property-adjust</command>
                <property>/autopilot/settings/heading-bug-deg</property>
                <step>10</step>
                <min>0</min>
                <max>360</max>
                <wrap>true</wrap>
            </binding>
        </action>
        <action>
            <button>4</button>
            <repeatable>true</repeatable>
            <binding>
                <condition>
                    <not>
                        <property>devices/status/keyboard/shift</property>
                    </not>
                </condition>
                <command>property-adjust</command>
                <property>/autopilot/settings/heading-bug-deg</property>
                <step>-1</step>
                <min>0</min>
                <max>360</max>
                <wrap>true</wrap>
            </binding>
            <binding>
                <condition>
                    <property>devices/status/keyboard/shift</property>
                </condition>
                <command>property-adjust</command>
                <property>/autopilot/settings/heading-bug-deg</property>
                <step>-10</step>
                <min>0</min>
                <max>360</max>
                <wrap>true</wrap>
            </binding>
        </action>
    </animation>


</PropertyList>
