<?xml version="1.0"?>

<PropertyList>

<path>magcompass.ac</path>

    <animation>
        <type>material</type>
        <object-name>MagCompass.rose</object-name>
        <emission>
            <red>0.8</red>
            <green>0.4</green>
            <blue>0.2</blue>
            <factor-prop>/systems/electrical/outputs/instrument-lights-norm</factor-prop>
        </emission>
    </animation>

    <animation>
        <type>rotate</type>
        <object-name>MagCompass.rose</object-name>
        <property>/instrumentation/magnetic-compass/indicated-heading-deg</property>
        <axis>
            <x>0.0</x>
            <y>0.0</y>
            <z>1.0</z>
        </axis>
    </animation>

</PropertyList>
