<?xml version="1.0"?>
<!--
  File:     CB17.xml
  Author:   Aero-Matic v 0.81

  Inputs:
    name:           CB17
    type:           piston
    power:          2500.0 hp
    augmented?      no
    injected?       no
-->

<piston_engine name="CB17">
  <minmp unit="INHG">6.0</minmp><!-- Deprecated -->
  <maxmp unit="INHG">60.0</maxmp><!-- Deprecated -->
  <displacement unit="IN3">2802.03</displacement>
  <bsfc>0.45</bsfc>
  <maxhp>2500.00</maxhp><!-- Deprecated -->
  <cycles>4.0</cycles>
  <idlerpm>700.0</idlerpm>
  <maxrpm>2800.0</maxrpm>
  <maxthrottle>1.0</maxthrottle>
  <minthrottle>0.1</minthrottle>
  <sparkfaildrop>0.0</sparkfaildrop>
</piston_engine>
