<?xml version="1.0"?>
<!-- Generated by Ron Jensen
     Date: 12 August 2008
     Version: 1.0
 
TYPE CERTIFICATE DATA SHEET NO. A19NM

(.45:1 propeller reduction gearing)

Hamilton Standard Model 43E60-6895B-8
Maximum Diameter              13' 5 5/16"
Minimum Diameter              13' 1 9/16"
No further tolerance permitted
Pitch Settings at 42" sta.:   Reverse     -8 deg.
                              Minimum Low +30 deg.
                              Feathered   +96 deg. (appr.)

TYPE CERTIFICATE DATA SHEET NO. P-871
   Blades     Maximum              Diameter    Hub and Blade
  Eligible   Continuous  Takeoff    Limits        Weight
(See Note 2) HP     RPM HP   RPM (See Note 2) (Max. Diameter) NOTES

6895-8
  to         1900  1170 2500 1260 13'5-1/16" - 11' 11-1/16" 551 lbs. 6
6895-26                            (-8 to -26)

-->
<propeller name="Hamilton Standard 43E60-6895B-8"> 
  <ixx> 20.405 </ixx>
  <diameter unit="IN"> 174.0 </diameter>
  <numblades> 3 </numblades>
  <gearratio> 2.22 </gearratio>
  <minpitch> 10 </minpitch>
  <maxpitch> 30 </maxpitch>
  <minrpm> 394 </minrpm>
  <maxrpm> 1260 </maxrpm>

<!-- data below is 100% wrong and bogus -->
  <table name="C_THRUST" type="internal">
    <tableData>
           10      30
      0.0  0.06739 0.0842
      0.1  0.06674 0.0838
      0.2  0.06610 0.0834
      0.3  0.06545 0.0830
      0.4  0.05963 0.0826
      0.5  0.01771 0.0822
      0.6  0.01512 0.0818
      0.7  0.01176 0.0782
      0.8  0.00864 0.0745
      0.9  0.00480 0.0705
      1.0  0.00096 0.0664
      1.2  0.00000 0.0567
      1.4  0.00000 0.0441
      1.6  0.00000 0.0324
      1.8  0.00000 0.0180
      2.0  0.00000 0.0036
    </tableData>
  </table>
  <table name="C_POWER" type="internal">
    <tableData>
             10      30
        0.0  0.01144 0.05198
        0.1  0.01126 0.05159
        0.2  0.01109 0.05119
        0.3  0.01074 0.05080
        0.4  0.01040 0.05040
        0.5  0.01005 0.04962
        0.6  0.00953 0.04883
        0.7  0.00832 0.04804
        0.8  0.00658 0.04725
        0.9  0.00433 0.04647
        1.0  0.00173 0.04568
        1.2  0.00000 0.04331
        1.4  0.00000 0.03780
        1.6  0.00000 0.02993
        1.8  0.00000 0.01969
        2.0  0.00000 0.00788
    </tableData>
  </table>
</propeller>
