<?xml version="1.0"?>
<!-- Generated by Aero-Matic v 0.8
     Inputs:
                horsepower: 2500.0
                     pitch: variable
            max engine rpm: 2800
        prop diameter (ft): 13.4
	Gear reduction: 0.45:1

     Outputs:
              max prop rpm:1400.22
                gear ratio:   2.00
                       Cp0:0.105300
                       Ct0:0.090558
       static thrust (lbs):3781.38
-->

<propeller name="Hamilton Standard 43E60 / 6895">
  <ixx>37.3624 </ixx>
  <diameter unit="IN">160.8 </diameter>
  <numblades>3</numblades>
  <gearratio>2.222</gearratio>
  <minpitch>10</minpitch>
  <maxpitch>30</maxpitch>
  <minrpm>315</minrpm>
  <maxrpm>1260</maxrpm>

  <table name="C_THRUST" type="internal">
      <tableData>
                10         30
   0.0  0.20966 0.2621
  0.1  0.20765 0.2609
  0.2  0.20363 0.2596
  0.3  0.20362 0.2583
  0.4  0.18550 0.2570
  0.5  0.16531 0.2556
  0.6  0.01512 0.2542
  0.7  0.01176 0.2356
  0.8  0.00864 0.2120
  0.9  0.00480 0.2093
  1.0  0.00096 0.2066
  1.4  0.00000 0.1764
  1.6  0.00000 0.1372
  1.8  0.00000 0.1080
  2.2  0.00000 0.0600
  2.8  0.00000 0.0120
      </tableData>
  </table>

  <table name="C_POWER" type="internal">
     <tableData>
                10         30
  0.0  0.04574 0.20790
  0.1  0.04504 0.20632
  0.2  0.04434 0.20474
  0.3  0.04296 0.20317
  0.4  0.04158 0.20160
  0.5  0.04018 0.19845
  0.6  0.03810 0.19530
  0.7  0.03326 0.19215
  0.8  0.02632 0.18900
  0.9  0.01732 0.18585
  1.0  0.00692 0.18270
  1.2  0.00000 0.17324
  1.4  0.00000 0.15120
  1.6  0.00000 0.11970
  1.8  0.00000 0.07874
  2.0  0.00000 0.03150
     </tableData>
  </table>

</propeller>

