<?xml version="1.0" encoding="UTF-8"?>
<!--
************************************************************************
HFarman-20 simulation configuration. This files ties together all the components
used by FGFS to represent the HFarman-20. Components include the flight data
model, instrument panel, and external 3D model.
************************************************************************
version 0.5  080314 -->

<PropertyList>
 <sim include="Systems/views.xml">

  <description>H-Farman-22 floatplane, (19013~15)</description>
  <author> LesterBoffo,FDM 3D objects, </author>
  <status>early-production</status>
  <rating>
    <FDM type="int">3</FDM>
    <systems type="int">1</systems>
    <model type="int">4</model>
    <cockpit type="int">2</cockpit>
  </rating>


  <flight-model>yasim</flight-model>
  <aero>HFarman-22-yasim</aero>
  <fuel-fraction>0.8</fuel-fraction>

  <startup>
   <splash-texture>Aircraft/HFarman-22/splash.jpg</splash-texture>
  </startup>

  <sound>
   <path>Aircraft/HFarman-22/Sounds/HFarman-22-sound.xml</path>
  </sound>

  <menubar include="Nasal/h-farman-22-menu.xml"/>

  <panel>
   <visibility archive="n">false</visibility>
  </panel>

  <model>
   <path archive="y">Aircraft/HFarman-22/Models/hfarman-22.xml</path>
  </model>


  
  <!-- Payload -->
  <weight n="0">
      <name>Pilot</name>
      <weight-lb>150</weight-lb>
      <max-lb>190</max-lb>
      <min-lb>120</min-lb>
  </weight> 

  <weight n="1">
      <name>Observer</name>
      <weight-lb>0</weight-lb>
      <max-lb>180</max-lb>
      <min-lb>0</min-lb>
  </weight>  

</sim>

  <input>
   <keyboard include="Nasal/h-farman-22-keyboard.xml"/>
  </input>

 <limits>
   <max-positive-g>2.0</max-positive-g>
   <max-negative-g>-0.62</max-negative-g>
   <vne>83</vne>
 </limits>

  <nasal>
    <HFarman-22>
	 <file>Aircraft/HFarman-22/Nasal/eng_coupe-utils.nas</file>
     </HFarman-22>
  </nasal>

</PropertyList>
