<?xml version="1.0" encoding="UTF-8"?>

<!-- H-Farman-20 : 2009 Lester-Boffo
                 

     Source       : http://en.wikipedia.org/wiki/H_Farman_22
                 
     Wingspan     :  8.59 m    (  25 ft  7 in )
     Length       :  8.92 m    (  25 ft  0 in )
     Height       :  2.69 m    (   8 ft 10 in )
     Empty weight :  390 kg    ( 507 lb       )
     Engine       : Gnome Double Lambda or LeRhone 14 cylinder, 100~130 h.p.)
     Max speed    :  108 km/h (  65 kts      )
-->

<airplane mass="1447">

  <approach speed="35" aoa="5">
    <control-setting axis="/controls/engines/engine[0]/throttle" value="0.18"/>
    <control-setting axis="/controls/engines/engine[0]/mixture" value="1"/>
  </approach>

  <cruise speed="68" alt="3000">
    <control-setting axis="/controls/engines/engine[0]/throttle" value="1"/>
    <control-setting axis="/controls/engines/engine[0]/mixture" value="0.85"/>
  </cruise>

  <cockpit x="-0.075" y="0" z="1.125"/>

<!-- fuselage nacelle -->

  <fuselage ax="2.6281" ay="0" az="0.0515" bx="-0.9034" by="0" bz="0.0632" width="0.890" taper="0.71" midpoint="0.49"/>

<!-- tail booms -->

<fuselage ax="-0.418" ay="2.08" az="1.238" bx="-6.608" by="-0.042" bz="1.456" width="0.035" taper="1" midpoint="0.5"/>
<fuselage ax="-0.418" ay="-2.08" az="1.238" bx="-6.608" by="0.042" bz="1.456" width="0.035" taper="1" midpoint="0.5"/>
<fuselage ax="-0.602" ay="2.08" az="-0.4301" bx="-6.608" by="-0.042" bz="0.0032" width="0.035" taper="1" midpoint="0.5"/>
<fuselage ax="-0.602" ay="-2.08" az="-0.4301" bx="-6.608" by="0.042" bz="0.0032" width="0.035" taper="1" midpoint="0.5"/>

<!-- floats -->

<fuselage ax="2.792" ay="2.1908" az="-1.382" bx="-1.219" by="2.1908" bz="-1.542" width="0.535" taper="0.4" midpoint="0.65"/>
<fuselage ax="2.792" ay="-2.1908" az="-1.382" bx="-1.219" by="-2.1908" bz="-1.542" width="0.535" taper="0.4" midpoint="0.65"/>


<!-- Upperwing -->

  <wing x="-0.145" y="0.0" z="1.273"  
        chord="1.783" 
        length="9.05"  
        taper="1.07"
        incidence="1.0"
        twist="1.5" 
        dihedral="0" 
        camber="0.12">
        <stall aoa="11" width="3" peak="1.25"/>
        <flap0 start="0.63" end="1.0" lift="1.34" drag="1.52"/>

        <control-input axis="/controls/flight/aileron" control="FLAP0" split="true"/>
        <control-input axis="/controls/flight/aileron-trim" control="FLAP0" split="true"/>

        <control-output control="FLAP0" side="left" prop="/surface-positions/left-aileron-pos-norm"/>
        <control-output control="FLAP0" side="right" prop="/surface-positions/right-aileron-pos-norm"/>
        <control-output control="FLAP0" prop="/surface-positions/aileron-pos-norm"/>
  </wing>


  <mstab x="-0.145" y="0.0" z="-0.425" 
         chord="1.693"
         length="5.48"
         incidence="1.5"
         twist="1.25"
         taper="1"
         camber="0.12">
         <stall aoa="11" width="3" peak="1.25"/>
  </mstab>

 <hstab x="-6.0003" y="0.0" z="1.515" 
         chord="1.8417"
         length="2.495"
         camber="0.03"
         incidence="-0.25"
         effectiveness="1.45"  
         taper="0.87">
         <stall aoa="19" width="5" peak="2.5"/>
         <flap0 start="0" end="1.0" lift="1.7" drag="1.2"/> 

         <control-input axis="/controls/flight/elevator" control="FLAP0"/>
         <control-input axis="/controls/flight/elevator-trim" control="FLAP0"/>

         <control-output control="FLAP0" prop="/surface-positions/elevator-pos-norm"/>
  </hstab>

  <vstab x="-6.782" y="0" z="0.2125" 
         chord="1.07" 
         length="2.178" 
         taper="0.8">
         <stall aoa="16" width="3" peak="1.5"/>
         <flap0 start="0" end="1" lift="1.7" drag="1.2"/>

         <control-input axis="/controls/flight/rudder" control="FLAP0" invert="true"/>
         <control-input axis="/controls/flight/rudder-trim" control="FLAP0" invert="true"/>

         <control-output control="FLAP0" prop="/surface-positions/rudder-pos-norm" min="1" max="-1"/>
  </vstab>

  <!-- Engines      : Gnome Double Lambda

       Informations : http://en.wikipedia.org/wiki/Gnome_Lambda

       Type         : 14-cylinder air-cooled rotary radial
       Power        :  100 - 130 hp
       Displacement : 24 litres 1440 cu in)
       Mass        :  167.8 kg (370 lb)
  -->
  <propeller x="-1.325" y="0" z="0.441"
              radius="1.278"
              moment="-28"
	         cruise-speed="68"
	         cruise-rpm="1190"
             cruise-alt="3000" 
	         cruise-power="109"
             takeoff-power="140" 
	         takeoff-rpm="1250"
	         mass="370">
             <actionpt x="-1.674" y="0" z="0.441"/>
             <piston-engine eng-rpm="1250"
                            eng-power="140"
                            displacement="1440.5"
                            bore="4.9"
                            stroke="5.5" 
                            min-throttle="0.063"
                            compression-ratio="3.75"/>
                            <control-input axis="/controls/engines/engine[0]/throttle" control="THROTTLE"/>
                            <control-input axis="/controls/engines/engine[0]/starter" control="STARTER"/>
                            <control-input axis="/controls/engines/engine[0]/magnetos" control="MAGNETOS"/>
                            <control-input axis="/controls/engines/engine[0]/mixture" control="MIXTURE"/>
  </propeller>

  <!-- Left float -->
  <!-- 0 - Nose -->
  <gear x="1.81" y="2.197" z="-1.73" 
        compression="0.86"  
        spring="8" 
        sfric="0.5" 
        dfric="0.79"
        ignored-by-solver="0" 
        on-water="1" 
        on-solid="1" 
        reduce-friction-by-extension="1.74"
        speed-planing="14"
        spring-factor-not-planing="0.53">
  </gear>

  <!-- 1 - Center -->
  <gear x="-0.192" y="2.197" z="-1.781"
        compression="0.62"
        spring="10"
        sfric="0.8" 
        dfric="0.7"
        ignored-by-solver="0" 
        on-water="1" 
        on-solid="1" 
        reduce-friction-by-extension="1.52"
        speed-planing="13"
        spring-factor-not-planing="0.7">
  </gear>

    <!-- right float -->
  <!-- 2 - Nose -->
  <gear x="1.81" y="-2.197" z="-1.73" 
        compression="0.86"  
        spring="8" 
        sfric="0.35" 
        dfric="0.49"
        ignored-by-solver="0" 
        on-water="1" 
        on-solid="1" 
        reduce-friction-by-extension="1.74"
        speed-planing="14"
        spring-factor-not-planing="0.53">
  </gear>

  <!-- 3 - Center -->
  <gear x="-0.192" y="-2.197" z="-1.781"
        compression="0.62"
        spring="10"
        sfric="0.8" 
        dfric="0.7"
        ignored-by-solver="0" 
        on-water="1" 
        on-solid="1" 
        reduce-friction-by-extension="1.52"
        speed-planing="13"
        spring-factor-not-planing="0.7">
  </gear>

  <!-- 4-Tail float -->
  <gear x="-6.178" y="0" z="-0.823" 
        compression="0.3"
        spring="4.64"
        damp="4"
        sfric="0.74" 
        dfric="0.7"
        ignored-by-solver="0" 
        on-water="1"
        on-solid="1"
        reduce-friction-by-extension="1.26"
        speed-planing="12"
        spring-factor-not-planing="0.27">
  </gear>

  <!-- Fuel: Forward 190 lbs -->
  <tank x="0.043" y="0" z="0.373" capacity="190"/>

     <!-- pilot weight -->
  <weight x=" 1.49" y="0.0" z="0.106" mass-prop="/sim/weight[0]/weight-lb"/>
  <weight x="0.943" y="0.0" z="0.106" mass-prop="/sim/weight[1]/weight-lb"/>

  <ballast x="0.38" y="0" z="-1.10" mass="400"/>
</airplane>

