<?xml version="1.0"?>
<PropertyList>
	<path>BowWave.ac</path>

	<effect>
		<inherits-from>/Effects/bowwave</inherits-from>
		<object-name>BWavePort</object-name>
		<object-name>BWaveStbd</object-name>
	</effect>

    <condition>
          <property>gear/gear[0]/wow</property>
          <property>gear/gear[1]/wow</property>
    </condition>

    <!-- pitch -->
  <animation>
    <type>rotate</type>
    <object-name>BWavePort</object-name>
    <object-name>BWaveStbd</object-name>
    <property>/orientation/pitch-deg</property>
    <factor>-1.0</factor>
    <center>
      <x-m>0</x-m>
      <y-m>0</y-m>
      <z-m>0</z-m>
    </center>
    <axis>
      <x>0</x>
      <y>1</y>
      <z>0</z>
    </axis>
  </animation>

  <!-- roll -->
  <animation>
    <type>rotate</type>
    <object-name>BWavePort</object-name>
    <object-name>BWaveStbd</object-name>
    <property>/orientation/roll-deg</property>
    <factor>1.0</factor>
    <center>
      <x-m>0</x-m>
      <y-m>0</y-m>
      <z-m>0</z-m>
    </center>
    <axis>
      <x>1</x>
      <y>0</y>
      <z>0</z>
    </axis>
  </animation>

      <!-- Translate to ground level -->
  <animation>
   <type>translate</type>
   <object-name>BWavePort</object-name>
   <object-name>BWaveStbd</object-name>
   <property>/position/gear-agl-ft</property>
   <factor> -0.304 </factor>
   <center>
     <x-m> 0 </x-m>
     <y-m> 0 </y-m>
     <z-m> 0 </z-m>
   </center>
   <axis>
     <x> 0 </x>
     <y> 0 </y>
     <z> 1 </z>
   </axis>
 </animation>

</PropertyList>
