<?xml version="1.0"?>

<!--
**********************************************************************
copy from generic-instrumentation.xml

with adf[1] and dme[1]

Generic instrumentation configuration. This file selects the
instrumentation modules that should be available.

You can have several instances of the same instrument type.
The value inside the name tag becomes the node in the property tree.
If two instruments have the same name you must use the number tag
to separate them. They become name[number] in the property tree.
Some instruments have additional configuration tags like static-port
and pitot-port. The static- and pitot-ports (and any other system that
an instrument depend on) have to be configured in the systems
configuration file: generic-systems.xml

The values in this file are the default values. If any configuration
tags are omitted in an aircraft specific version of this configuration
file, these values will be used (they are hardcoded).

**********************************************************************
-->

<PropertyList>

  <adf>
    <name>adf</name>
    <number>0</number>
  </adf>

  <adf>
    <name>adf</name>
    <number>1</number>
  </adf>

  <airspeed-indicator>
    <name>airspeed-indicator</name>
    <number>0</number>
    <total-pressure>/systems/pitot/total-pressure-inhg</total-pressure>
    <static-pressure>/systems/static/pressure-inhg</static-pressure>
  </airspeed-indicator>

  <altimeter>
    <name>altimeter</name>
    <number>0</number>
    <static-pressure>/systems/static/pressure-inhg</static-pressure>
    <quantum>0</quantum>
    <tau>0</tau>
  </altimeter>

  <attitude-indicator>
    <name>attitude-indicator</name>
    <number>0</number>
    <suction>/systems/vacuum/suction-inhg</suction>
  </attitude-indicator>

  <clock>
    <name>clock</name>
    <number>0</number>
  </clock>

  <dme>
    <name>dme</name>
    <number>0</number>
  </dme>

  <dme>
    <name>dme</name>
    <number>1</number>
  </dme>

  <altimeter>
    <name>encoder</name>
    <number>0</number>
    <static-pressure>/systems/static/pressure-inhg</static-pressure>
    <quantum>10</quantum>
    <tau>0.1</tau>
  </altimeter>

  <marker-beacon>
    <name>marker-beacon</name>
    <number>0</number>
  </marker-beacon>

  <heading-indicator>
    <name>heading-indicator</name>
    <number>0</number>
    <suction>/systems/vacuum/suction-inhg</suction>
  </heading-indicator>

  <KT-70>
    <name>kt-70</name>
    <number>0</number>
  </KT-70>

  <magnetic-compass>
    <name>magnetic-compass</name>
    <number>0</number>
  </magnetic-compass>

  <nav-radio>
    <name>nav</name>
    <number>0</number>
  </nav-radio>

  <nav-radio>
    <name>nav</name>
    <number>1</number>
  </nav-radio>

  <slip-skid-ball>
    <name>slip-skid-ball</name>
    <number>0</number>
  </slip-skid-ball>

  <transponder>
    <name>transponder</name>
    <number>0</number>
    <mode-c-altitude>/instrumentation/encoder/mode-c-alt-ft</mode-c-altitude>
  </transponder>

  <turn-indicator>
    <name>turn-indicator</name>
    <number>0</number>
  </turn-indicator>

  <vertical-speed-indicator>
    <name>vertical-speed-indicator</name>
    <number>0</number>
    <static-pressure>/systems/static/pressure-inhg</static-pressure>
  </vertical-speed-indicator>

  <gps>
    <name>gps</name>
    <number>0</number>
  </gps>

  <radar>
    <name>wxradar</name>
    <number>0</number>
  </radar>

  <tacan>
    <name>tacan</name>
    <number>0</number>
  </tacan>

  <mk-viii>
   <name>mk-viii</name>
   <number>0</number>
  </mk-viii>

</PropertyList>
