<?xml version="1.0" encoding="ISO-8859-1"?>

<PropertyList>
  
  <particlesystem>
    <name>sprayslow</name>
    <type>normal</type>
    <texture>wake.png</texture>
    <emissive>false</emissive>
    <lighting>true</lighting>
    
    <offsets>
      <x-m> 0.00 </x-m>
      <y-m> 0.00 </y-m>
      <z-m> 0.25 </z-m>
      <!--<pitch-deg>90</pitch-deg>-->
    </offsets>
    
    <condition>
      <and>
        <smaller-than>
          <property>velocities/groundspeed-kt</property>
          <value>50</value>
        </smaller-than>
        <or>
          <property>gear/gear[0]/wow</property>
          <property>gear/gear[2]/wow</property>
          <property>gear/gear[4]/wow</property>
        </or>
        <not-equals>
          
          <property>sim/crashed</property>
          <value>true</value>
        </not-equals>
      </and>
    </condition>
    
    <attach>world</attach>
    
    <placer>
      <type>point</type>
    </placer>
    
    <shooter>
      <theta-min-deg>80</theta-min-deg>
      <theta-max-deg>90</theta-max-deg>
      <phi-min-deg>-180</phi-min-deg>
      <phi-max-deg>180</phi-max-deg>
      <speed-mps>
        <value>20</value>
        <spread>5</spread>
      </speed-mps>
      <rotation-speed>
        <x-min-deg-sec>10</x-min-deg-sec>
        <y-min-deg-sec>0</y-min-deg-sec>
        <z-min-deg-sec>0</z-min-deg-sec>
        <x-max-deg-sec>0</x-max-deg-sec>
        <y-max-deg-sec>0</y-max-deg-sec>
        <z-max-deg-sec>0</z-max-deg-sec>
      </rotation-speed>
    </shooter>
    
    <counter>
      <particles-per-sec>
        <property>velocities/groundspeed-kt</property>
        <factor>5.9</factor>
        <spread>2</spread>
      </particles-per-sec>
    </counter>
    
    <align>billboard</align>
    
    <particle>
      <start>
        <color>
          <red><value>   0.8 </value></red>
          <green><value> 0.8 </value></green>
          <blue><value>  0.8 </value></blue>
          <alpha><value> 0.9 </value></alpha>
        </color>
        <size>
          <property>velocities/groundspeed-kt</property>
          <factor>0.01</factor>
        </size>                
      </start>
      <end>
        <color>
          <red><value>   1.0 </value></red>
          <green><value> 1.0 </value></green>
          <blue><value>  1.0 </value></blue>
          <alpha><value> 0.2 </value></alpha>
        </color>
        <size>
          <value>0.5</value>
        </size>
      </end>
      
      <life-sec>
        <value>14.0</value>
      </life-sec>
      
      <mass-kg>1.0</mass-kg>
      <radius-m>0.9</radius-m>
    </particle>
    
    <program>
      <fluid>water</fluid>
      <gravity>false</gravity>
      <wind>false</wind>
    </program>
            
  </particlesystem>

</PropertyList>
