<?xml version="1.0"?>
<!--
************************************************************************

************************************************************************
-->


<PropertyList>

    <note>
        This model was created using publicly available data, publicly available
        technical reports, textbooks, and guesses. It contains no proprietary or
        restricted data. It has been validated only to the extent that it seems
        to "fly right", and possibly to comply to published, publicly known,
        performance data (maximum speed, endurance, etc.). Thus, this model
        is meant for educational and entertainment purposes only.

        This simulation model is not endorsed by any manufacturer.
    </note>

 <sim>

	<description>Sopwith_Baby</description>
        <author>LesterBoffo FDM, 3D model combined from LesterBoffo and texture artists of SDoE's FS-WWI</author>
        <status>"CREATIVE COMMON BY-NC-SA Copyright"</status>
        <version>0.01 yasim revision  2015-01-29</version>

	<flight-model archive="y">yasim</flight-model>
	<aero archive="y">Sopwith_Baby-yasim</aero>

	<model>
		<path archive="y">Aircraft/Sopwith_Baby/Models/sopwith-baby.xml</path>
	</model>

      <submodels> 
      <serviceable type="bool">true</serviceable>
      <path>Aircraft/Sopwith_Baby/Models/Effects/guns/submodels.xml</path>
    </submodels>

        <startup>
    <splash-title>




    Sopwith Baby WWI floatplane textures from Fighter Aquadron WWI and RCsim.de
    Thanks To the Artists and modelers for the permission to use in FlightGear!
    Released as a Creative Commons Artist Attribute Non-Commercial use. </splash-title>
            <splash-texture>Aircraft/Sopwith_Baby/splash.jpg</splash-texture>
        </startup>

	<view>
		<internal archive="y">true</internal>
		<config>
				<x-offset-m archive="y">0</x-offset-m>   <!-- right -->
                        <y-offset-m archive="y">0.73</y-offset-m>  <!-- up -->
                        <z-offset-m archive="y">-0.37</z-offset-m>  <!-- back -->
				<pitch-offset-deg archive="y">-4.0</pitch-offset-deg>
				<default-field-of-view-deg type="double">68.0</default-field-of-view-deg>
		</config>
	</view>

        <current-view>
            <field-of-view type="double">62.0</field-of-view>
        </current-view>
        <chase-distance-m type="double">-15.0</chase-distance-m>

	<sound>
		<audible>true</audible>
		<path archive="y">Aircraft/Sopwith_Baby/Sounds/sopwith-baby-sound.xml</path>
	</sound>

  <!-- Payload -->
  <weight n="0">
      <name>Pilot</name>
      <weight-lb>160</weight-lb>
      <max-lb>220</max-lb>
      <min-lb>120</min-lb>
  </weight> 

<menubar include="Nasal/sopwith-baby-menu.xml"/>

 </sim>

  <controls>
	<gear>
		<brake-parking type="double">1.0</brake-parking>
	</gear>
  <engines>
      <engine n="0">
        <magnetos>0</magnetos>
        <!-- <mixture>0.05</mixture> -->
        <primer type="double">0.05</primer>
        <primer-pressed type="bool">0.0</primer-pressed>
   </engine>
  </engines>
 </controls>

 <engines>
	<engine>
		<rpm type="double">0</rpm>
	</engine>
 </engines>

 <input>
  <keyboard>
   <key n="101">
     <name>e</name>
     <desc>Guns</desc>
     <binding>
       <command>nasal</command>
       <script>guns.fire_MG()</script>
     </binding>
     <mod-up>
       <binding>
         <command>nasal</command>
         <script>guns.stop_MG()</script>
       </binding>
     </mod-up>
   </key>
  </keyboard>
  </input>

 <nasal>
   <guns>
   <file>Aircraft/Sopwith_Baby/Nasal/weapons.nas</file>
   <file>Aircraft/Sopwith_Baby/Nasal/revi.nas</file>
   </guns>
   <Sopwith_Baby>
   <file>Aircraft/Sopwith_Baby/Nasal/handpump.nas</file> 
   <file>Aircraft/Sopwith_Baby/Nasal/eng_coupe-utils.nas</file>
   </Sopwith_Baby>
 </nasal>

</PropertyList>
