<?xml version="1.0" encoding="UTF-8"?>

<!-- Sopwith_Tabloid
                  : 2014 LesterBoffo and Fighter Squadron WWI artists/designers

     Source       : http://en.wikipedia.org/wiki/Sopwith_Tabloid
                 
     General characteristics

    Crew: one, pilot
    Length: 7.00 m (23 ft 0 in)
    Wingspan: 8.65 m (28 ft 5 in)
    Height: 2.54 m (8 ft 4 in)
    Wing area: 23.0 m2 (247 ft2)
    Gross weight: 750 kg (1,650 lb)
    Powerplant: 1 x Gnome Monosoupape 7C, 59 kW (80 hp)

Performance

    Maximum speed: 147 km/h (92 mph)
    Service ceiling: 4,000 m (13,000 ft)

Armament

    1 .303 Lewis gun forward
-->

<airplane mass="752" version="YASIM_VERSION_CURRENT">

  <approach speed="35" aoa="5" fuel="0.3">
    <control-setting axis="/controls/engines/engine[0]/throttle" value="0.2"/>
    <control-setting axis="/controls/engines/engine[0]/mixture" value="1.0"/>
  </approach>
  
  <cruise speed="93" alt="5000" fuel="0.79" >
    <control-setting axis="/controls/engines/engine[0]/throttle" value="0.9" />
    <control-setting axis="/controls/engines/engine[0]/mixture" value="0.78" />
  </cruise>

  <cockpit x="1.642" y="0.00" z="0.901"/>

<fuselage ax="2.08" ay="0" az="0.0" bx="1.384" by="0.0" bz="0.08" width="1.021" taper="0.49" midpoint="1.0"/>
<fuselage ax="1.384" ay="0" az="-0.08" bx="-0.023" by="0.0" bz="-0.14" width="1.191" taper="0.94" midpoint="0.45" cy="1.283" cz="1.617"/>
<fuselage ax="-0.023" ay="0" az="-0.14" bx="-3.782" by="0" bz="0.205" width="0.931" taper="0.214" midpoint="0.0" cy="2.83" cz="2.917"/>

<!-- Float aero-bodies -->

  <fuselage ax="3.018" ay="0.97" az="-1.303" bx="-0.184" by="0.97" bz="-1.47" width="0.521" taper="0.54" midpoint="0.50"/>
  <fuselage ax="3.08" ay="-0.97" az="-1.303" bx="-0.184" by="-0.97" bz="-1.47" width="0.521" taper="0.54" midpoint="0.50"/>
<fuselage ax="-2.8825" ay="0.0" az="-0.343" bx="-4.284" by="0.0" bz="-0.47" width="0.221" taper="0.54" midpoint="0.50"/>

  <!-- Wing -->
  <wing x="0.71" y="0.0" z="1.203" 
        chord="1.693" 
        length="3.796"
        incidence="1.25"
        twist="-0.95" 
        taper="1" 
        camber="0.085">
        <stall aoa="13" width="4.0" peak="2.25"/>
        <flap1 start="0.575" end="1" lift="1.55" drag="1.21"/>
      
        <control-input axis="/controls/flight/aileron" control="FLAP1" split="true"/>
        <control-input axis="/controls/flight/aileron-trim" control="FLAP1" split="true"/>
      
        <control-output control="FLAP1" side="left" prop="/surface-positions/left-aileron-pos-norm"/>
        <control-output control="FLAP1" side="right" prop="/surface-positions/right-aileron-pos-norm"/>

        <control-speed control="FLAP0" transition-time="0.4"/>
  </wing>

  <mstab x="0.33" y="0.46" z="-0.48" 
        chord="1.693" 
        length="3.44"
        incidence="1.25"
        twist="-0.95" 
        taper="1" 
        camber="0.085">
        <stall aoa="13" width="4.0" peak="2.25"/>
  </mstab>

  <hstab x="-3.763" y="0.0022" z="0.359" 
	 chord="1.332" 
	 length="1.28" 
       taper="0.43"
       sweep="27"
       effectiveness="1.49"
       camber="0.001"> 
         <stall aoa="18" width="4" peak="2.0"/>
         <flap0 start="0" end="1.0" lift="1.60" drag="1.20"/>

         <control-input axis="/controls/flight/elevator" control="FLAP0"/>
         <control-input axis="/controls/flight/elevator-trim" control="FLAP0"/>

         <control-output control="FLAP0" prop="/surface-positions/elevator-pos-norm"/>

         <control-speed control="FLAP0" transition-time="0.2"/>
  </hstab>

  <vstab x="-3.792" y="0" z="0.1012" 
	   chord="1.842" 
	   length="0.902" 
         taper="0.46"
         effectiveness="1.7"
         sweep="38">
         <stall aoa="20" width="3" peak="1.5"/>
         <flap0 start="0" end="1" lift="1.36" drag="1.12"/>

         <control-input axis="/controls/flight/rudder" square="true" control="FLAP0" invert="true"/>
         <control-input axis="/controls/flight/rudder-trim" control="FLAP0" invert="true"/>

         <control-output control="FLAP0" prop="/surface-positions/rudder-pos-norm" min="1" max="-1"/>

         <control-speed control="FLAP0" transition-time="0.2"/>
  </vstab>

  <!-- Engines      : Gnome Monosoupape 7 Cylinder

       Informations : http://en.wikipedia.org/wiki/Gnome_Monosoupape

General characteristics

    Type: 7-cylinder, single-row, rotary engine
    Bore: 110 mm (4.3 in)
    Stroke: 150 mm (5.9 in)
    Displacement: 12.8 L (781.63 cu in)
    Length: 107.4 cm (42.3 in)
    Diameter: 95 cm (37.4 in)
    Dry weight: 137.4 kg (303 lb)

Components

    Valvetrain: Single overhead valve with cylinder ports
    Fuel type: 40-50 Octane petrol
    Oil system: Total loss, castor oil
    Cooling system: Air-cooled
    Reduction gear: Direct drive, right-hand tractor, left-hand pusher

Performance

    Power output: 62 kW (80 hp) at 1,300 rpm (Maximum power)
    Compression ratio: 4.0:1
  -->

<propeller x="1.487" y="0" z="0.00"
             radius="1.115"
             mass="320"
             moment="25"
             blades="2"
             cruise-power="69"
             cruise-alt="5000"
             cruise-speed="94"
             cruise-rpm="1240"
             takeoff-power="80"
             takeoff-rpm="1300"> 
           <actionpt x="2.162" y="0" z="0.00"/>
             <piston-engine eng-power="80"
                            eng-rpm="1300"
                            alt="5000"
                            bore="4.3"
                            stroke="5.9"
                            compression-ratio="4.0"
                            min-throttle="0.05"
                            displacement="781.2"/>
           <control-input axis="/controls/engines/engine[0]/throttle" control="THROTTLE"/>
           <control-input axis="/controls/engines/engine[0]/starter" control="STARTER"/>
           <control-input axis="/controls/engines/engine[0]/magnetos" control="MAGNETOS"/>
           <control-input axis="/controls/engines/engine[0]/mixture" control="MIXTURE"/>
</propeller>

  <!-- Left float -->
  <!-- 0 - Nose -->
  <gear x="2.38" y="1.17" z="-1.67" 
        compression="0.86"  
        spring="8" 
        sfric="0.5" 
        dfric="0.79"
        ignored-by-solver="0" 
        on-water="1" 
        on-solid="1" 
        reduce-friction-by-extension="1.74"
        speed-planing="14"
        spring-factor-not-planing="0.53">
  </gear>

  <!-- 1 - Center -->
  <gear x="0.392" y="1.197" z="-1.731"
        compression="0.62"
        spring="9"
        sfric="0.8" 
        dfric="0.7"
        ignored-by-solver="0" 
        on-water="1" 
        on-solid="1" 
        reduce-friction-by-extension="1.52"
        speed-planing="13"
        spring-factor-not-planing="0.7">
  </gear>

    <!-- right float -->
  <!-- 2 - Nose -->
  <gear x="2.38" y="-1.17" z="-1.67" 
        compression="0.86"  
        spring="8" 
        sfric="0.35" 
        dfric="0.49"
        ignored-by-solver="0" 
        on-water="1" 
        on-solid="1" 
        reduce-friction-by-extension="1.74"
        speed-planing="14"
        spring-factor-not-planing="0.53">
  </gear>

  <!-- 3 - Center -->
  <gear x="0.392" y="-1.197" z="-1.731"
        compression="0.62"
        spring="9"
        sfric="0.8" 
        dfric="0.7"
        ignored-by-solver="0" 
        on-water="1" 
        on-solid="1" 
        reduce-friction-by-extension="1.52"
        speed-planing="13"
        spring-factor-not-planing="0.7">
  </gear>



  <!-- 4-Tail float -->
  <gear x="-3.694" y="0" z="-0.743" 
        compression="0.3"
        spring="3.64"
        damp="4"
        sfric="0.74" 
        dfric="0.7"
        ignored-by-solver="0" 
        on-water="1"
        on-solid="1"
        reduce-friction-by-extension="1.26"
        speed-planing="12"
        spring-factor-not-planing="0.27">
  </gear>

  <!-- Fuel: Forward 120 lbs -->
  <tank x="0.79" y="0" z="0.302" capacity="120"/>

  <!-- pilot weight -->
  <weight x="-0.752" y="0.0" z="0.016" mass-prop="/sim/weight[0]/weight-lb"/>


  <ballast x="0.7" y="0" z="-1.60" mass="100"/>
  
</airplane>
