<?xml version="1.0" encoding="UTF-8"?>

<PropertyList>

  <path>compass.ac</path>

  <animation>
    <object-name>fond</object-name>
    <object-name>visses</object-name>
    <object-name>face</object-name>
    <object-name>compass</object-name>

    <object-name>vitre</object-name>
  </animation>

  <animation>
    <type>noshadow</type>
    <object-name>vitre</object-name>
  </animation>
  
  <effect>
    <inherits-from>Effects/model-transparent</inherits-from>
    <condition>
      <property>sim/rendering/rembrandt/enabled</property>
    </condition> 
    <object-name>vitre</object-name>
  </effect>

  <animation>
    <type>material</type>
    <object-name>face</object-name>
    <object-name>compass</object-name>
    <emission>
      <factor-prop>/systems/electrical/outputs/instrument-lights</factor-prop>
      <red>   0.50 </red>
      <green> 0.25 </green>
      <blue>  0.25 </blue>
    </emission>
  </animation>

  <animation>
    <type>rotate</type>
    <object-name>compass</object-name>
    <property>/orientation/heading-deg</property>
    <axis>
      <x> -1 </x>
      <y>  0 </y>
      <z>  0 </z>
    </axis>
  </animation>

</PropertyList>
