<?xml version="1.0" encoding="UTF-8"?>

<PropertyList>

  <!-- Guns -->
  <submodel>
    <name>gun</name>
    <model>Aircraft/HFarman-22/Models/Effects/guns/apibullet-tracer.xml</model>
    <trigger>controls/armament/trigger</trigger>
    <speed>2460.0</speed>
    <repeat>true</repeat>
    <delay>0.6</delay>
    <count>-1</count>
    <x-offset> 4.5499 </x-offset>    
    <y-offset> 3.1781 </y-offset>    
    <z-offset> 0.83332 </z-offset>    
    <yaw-offset> 31.0 </yaw-offset>
    <pitch-offset> 0.1 </pitch-offset>
    <life>4.0</life>
    <wind>false</wind>
    <weight>0.07495</weight>
    <cd>0.193</cd>
    <eda>0.00571198</eda> 
    <collision>true</collision>
    <collision-report>sim/ai/aircraft/collision/gun</collision-report>
    <impact>true</impact>
    <impact-report>sim/ai/aircraft/impact/bullet</impact-report>
    <submodel-path>Aircraft/HFarman-22/Models/Effects/guns/bullet-submodel.xml</submodel-path>
  </submodel>

</PropertyList>
